filing_id,politician,member_status,state_district,source_pdf,source_year,needs_review,original_pdf_url,review_level,review_reason,pages_with_words,pages_with_geometry,table_pages,recovered_pages,suspected_missed_pages,geometry_error
8217820,,,,8217820.pdf,2021,True,https://disclosures-clerk.house.gov/public_disc/ptr-pdfs/2021/8217820.pdf,high,scanned/image PDF or no embedded text; needs OCR/MinerU/AI fallback,0,0,0,,,
8217840,,,,8217840.pdf,2021,True,https://disclosures-clerk.house.gov/public_disc/ptr-pdfs/2021/8217840.pdf,high,scanned/image PDF or no embedded text; needs OCR/MinerU/AI fallback,0,0,0,,,
8217844,,,,8217844.pdf,2021,True,https://disclosures-clerk.house.gov/public_disc/ptr-pdfs/2021/8217844.pdf,high,scanned/image PDF or no embedded text; needs OCR/MinerU/AI fallback,0,0,0,,,
8217846,,,,8217846.pdf,2021,True,https://disclosures-clerk.house.gov/public_disc/ptr-pdfs/2021/8217846.pdf,high,scanned/image PDF or no embedded text; needs OCR/MinerU/AI fallback,0,0,0,,,
8217852,,,,8217852.pdf,2021,True,https://disclosures-clerk.house.gov/public_disc/ptr-pdfs/2021/8217852.pdf,high,scanned/image PDF or no embedded text; needs OCR/MinerU/AI fallback,0,0,0,,,
8217856,,,,8217856.pdf,2021,True,https://disclosures-clerk.house.gov/public_disc/ptr-pdfs/2021/8217856.pdf,high,scanned/image PDF or no embedded text; needs OCR/MinerU/AI fallback,0,0,0,,,
8217868,,,,8217868.pdf,2021,True,https://disclosures-clerk.house.gov/public_disc/ptr-pdfs/2021/8217868.pdf,high,scanned/image PDF or no embedded text; needs OCR/MinerU/AI fallback,0,0,0,,,
8217869,,,,8217869.pdf,2021,True,https://disclosures-clerk.house.gov/public_disc/ptr-pdfs/2021/8217869.pdf,high,scanned/image PDF or no embedded text; needs OCR/MinerU/AI fallback,0,0,0,,,
8217870,,,,8217870.pdf,2021,True,https://disclosures-clerk.house.gov/public_disc/ptr-pdfs/2021/8217870.pdf,high,scanned/image PDF or no embedded text; needs OCR/MinerU/AI fallback,0,0,0,,,
8217876,,,,8217876.pdf,2021,True,https://disclosures-clerk.house.gov/public_disc/ptr-pdfs/2021/8217876.pdf,high,scanned/image PDF or no embedded text; needs OCR/MinerU/AI fallback,0,0,0,,,
8217884,,,,8217884.pdf,2021,True,https://disclosures-clerk.house.gov/public_disc/ptr-pdfs/2021/8217884.pdf,high,scanned/image PDF or no embedded text; needs OCR/MinerU/AI fallback,0,0,0,,,
8217886,,,,8217886.pdf,2021,True,https://disclosures-clerk.house.gov/public_disc/ptr-pdfs/2021/8217886.pdf,high,scanned/image PDF or no embedded text; needs OCR/MinerU/AI fallback,0,0,0,,,
8217887,,,,8217887.pdf,2021,True,https://disclosures-clerk.house.gov/public_disc/ptr-pdfs/2021/8217887.pdf,high,scanned/image PDF or no embedded text; needs OCR/MinerU/AI fallback,0,0,0,,,
8217894,,,,8217894.pdf,2021,True,https://disclosures-clerk.house.gov/public_disc/ptr-pdfs/2021/8217894.pdf,high,scanned/image PDF or no embedded text; needs OCR/MinerU/AI fallback,0,0,0,,,
8217902,,,,8217902.pdf,2021,True,https://disclosures-clerk.house.gov/public_disc/ptr-pdfs/2021/8217902.pdf,high,scanned/image PDF or no embedded text; needs OCR/MinerU/AI fallback,0,0,0,,,
8217905,,,,8217905.pdf,2021,True,https://disclosures-clerk.house.gov/public_disc/ptr-pdfs/2021/8217905.pdf,high,scanned/image PDF or no embedded text; needs OCR/MinerU/AI fallback,0,0,0,,,
8217906,,,,8217906.pdf,2021,True,https://disclosures-clerk.house.gov/public_disc/ptr-pdfs/2021/8217906.pdf,high,scanned/image PDF or no embedded text; needs OCR/MinerU/AI fallback,0,0,0,,,
8217912,,,,8217912.pdf,2021,True,https://disclosures-clerk.house.gov/public_disc/ptr-pdfs/2021/8217912.pdf,high,scanned/image PDF or no embedded text; needs OCR/MinerU/AI fallback,0,0,0,,,
8217925,,,,8217925.pdf,2021,True,https://disclosures-clerk.house.gov/public_disc/ptr-pdfs/2021/8217925.pdf,high,scanned/image PDF or no embedded text; needs OCR/MinerU/AI fallback,0,0,0,,,
8217926,,,,8217926.pdf,2021,True,https://disclosures-clerk.house.gov/public_disc/ptr-pdfs/2021/8217926.pdf,high,scanned/image PDF or no embedded text; needs OCR/MinerU/AI fallback,0,0,0,,,
8217927,,,,8217927.pdf,2021,True,https://disclosures-clerk.house.gov/public_disc/ptr-pdfs/2021/8217927.pdf,high,scanned/image PDF or no embedded text; needs OCR/MinerU/AI fallback,0,0,0,,,
8217928,,,,8217928.pdf,2021,True,https://disclosures-clerk.house.gov/public_disc/ptr-pdfs/2021/8217928.pdf,high,scanned/image PDF or no embedded text; needs OCR/MinerU/AI fallback,0,0,0,,,
8217934,,,,8217934.pdf,2021,True,https://disclosures-clerk.house.gov/public_disc/ptr-pdfs/2021/8217934.pdf,high,scanned/image PDF or no embedded text; needs OCR/MinerU/AI fallback,0,0,0,,,
8217937,,,,8217937.pdf,2021,True,https://disclosures-clerk.house.gov/public_disc/ptr-pdfs/2021/8217937.pdf,high,scanned/image PDF or no embedded text; needs OCR/MinerU/AI fallback,0,0,0,,,
8217938,,,,8217938.pdf,2021,True,https://disclosures-clerk.house.gov/public_disc/ptr-pdfs/2021/8217938.pdf,high,scanned/image PDF or no embedded text; needs OCR/MinerU/AI fallback,0,0,0,,,
8217939,,,,8217939.pdf,2021,True,https://disclosures-clerk.house.gov/public_disc/ptr-pdfs/2021/8217939.pdf,high,scanned/image PDF or no embedded text; needs OCR/MinerU/AI fallback,0,0,0,,,
8217977,,,,8217977.pdf,2021,True,https://disclosures-clerk.house.gov/public_disc/ptr-pdfs/2021/8217977.pdf,high,scanned/image PDF or no embedded text; needs OCR/MinerU/AI fallback,0,0,0,,,
8218027,,,,8218027.pdf,2021,True,https://disclosures-clerk.house.gov/public_disc/ptr-pdfs/2021/8218027.pdf,high,scanned/image PDF or no embedded text; needs OCR/MinerU/AI fallback,0,0,0,,,
8218028,,,,8218028.pdf,2021,True,https://disclosures-clerk.house.gov/public_disc/ptr-pdfs/2021/8218028.pdf,high,scanned/image PDF or no embedded text; needs OCR/MinerU/AI fallback,0,0,0,,,
8218029,,,,8218029.pdf,2021,True,https://disclosures-clerk.house.gov/public_disc/ptr-pdfs/2021/8218029.pdf,high,scanned/image PDF or no embedded text; needs OCR/MinerU/AI fallback,0,0,0,,,
8218030,,,,8218030.pdf,2021,True,https://disclosures-clerk.house.gov/public_disc/ptr-pdfs/2021/8218030.pdf,high,scanned/image PDF or no embedded text; needs OCR/MinerU/AI fallback,0,0,0,,,
8218031,,,,8218031.pdf,2021,True,https://disclosures-clerk.house.gov/public_disc/ptr-pdfs/2021/8218031.pdf,high,scanned/image PDF or no embedded text; needs OCR/MinerU/AI fallback,0,0,0,,,
8218040,,,,8218040.pdf,2021,True,https://disclosures-clerk.house.gov/public_disc/ptr-pdfs/2021/8218040.pdf,high,scanned/image PDF or no embedded text; needs OCR/MinerU/AI fallback,0,0,0,,,
8218054,,,,8218054.pdf,2021,True,https://disclosures-clerk.house.gov/public_disc/ptr-pdfs/2021/8218054.pdf,high,scanned/image PDF or no embedded text; needs OCR/MinerU/AI fallback,0,0,0,,,
8218059,,,,8218059.pdf,2021,True,https://disclosures-clerk.house.gov/public_disc/ptr-pdfs/2021/8218059.pdf,high,scanned/image PDF or no embedded text; needs OCR/MinerU/AI fallback,0,0,0,,,
8218062,,,,8218062.pdf,2021,True,https://disclosures-clerk.house.gov/public_disc/ptr-pdfs/2021/8218062.pdf,high,scanned/image PDF or no embedded text; needs OCR/MinerU/AI fallback,0,0,0,,,
8218078,,,,8218078.pdf,2021,True,https://disclosures-clerk.house.gov/public_disc/ptr-pdfs/2021/8218078.pdf,high,scanned/image PDF or no embedded text; needs OCR/MinerU/AI fallback,0,0,0,,,
8218082,,,,8218082.pdf,2021,True,https://disclosures-clerk.house.gov/public_disc/ptr-pdfs/2021/8218082.pdf,high,scanned/image PDF or no embedded text; needs OCR/MinerU/AI fallback,0,0,0,,,
8218083,,,,8218083.pdf,2021,True,https://disclosures-clerk.house.gov/public_disc/ptr-pdfs/2021/8218083.pdf,high,scanned/image PDF or no embedded text; needs OCR/MinerU/AI fallback,0,0,0,,,
8218108,,,,8218108.pdf,2021,True,https://disclosures-clerk.house.gov/public_disc/ptr-pdfs/2021/8218108.pdf,high,scanned/image PDF or no embedded text; needs OCR/MinerU/AI fallback,0,0,0,,,
8218109,,,,8218109.pdf,2021,True,https://disclosures-clerk.house.gov/public_disc/ptr-pdfs/2021/8218109.pdf,high,scanned/image PDF or no embedded text; needs OCR/MinerU/AI fallback,0,0,0,,,
8218110,,,,8218110.pdf,2021,True,https://disclosures-clerk.house.gov/public_disc/ptr-pdfs/2021/8218110.pdf,high,scanned/image PDF or no embedded text; needs OCR/MinerU/AI fallback,0,0,0,,,
8218111,,,,8218111.pdf,2021,True,https://disclosures-clerk.house.gov/public_disc/ptr-pdfs/2021/8218111.pdf,high,scanned/image PDF or no embedded text; needs OCR/MinerU/AI fallback,0,0,0,,,
8218112,,,,8218112.pdf,2021,True,https://disclosures-clerk.house.gov/public_disc/ptr-pdfs/2021/8218112.pdf,high,scanned/image PDF or no embedded text; needs OCR/MinerU/AI fallback,0,0,0,,,
8218113,,,,8218113.pdf,2021,True,https://disclosures-clerk.house.gov/public_disc/ptr-pdfs/2021/8218113.pdf,high,scanned/image PDF or no embedded text; needs OCR/MinerU/AI fallback,0,0,0,,,
8218114,,,,8218114.pdf,2021,True,https://disclosures-clerk.house.gov/public_disc/ptr-pdfs/2021/8218114.pdf,high,scanned/image PDF or no embedded text; needs OCR/MinerU/AI fallback,0,0,0,,,
8218126,,,,8218126.pdf,2021,True,https://disclosures-clerk.house.gov/public_disc/ptr-pdfs/2021/8218126.pdf,high,scanned/image PDF or no embedded text; needs OCR/MinerU/AI fallback,0,0,0,,,
8218132,,,,8218132.pdf,2021,True,https://disclosures-clerk.house.gov/public_disc/ptr-pdfs/2021/8218132.pdf,high,scanned/image PDF or no embedded text; needs OCR/MinerU/AI fallback,0,0,0,,,
8218139,,,,8218139.pdf,2021,True,https://disclosures-clerk.house.gov/public_disc/ptr-pdfs/2021/8218139.pdf,high,scanned/image PDF or no embedded text; needs OCR/MinerU/AI fallback,0,0,0,,,
8218140,,,,8218140.pdf,2021,True,https://disclosures-clerk.house.gov/public_disc/ptr-pdfs/2021/8218140.pdf,high,scanned/image PDF or no embedded text; needs OCR/MinerU/AI fallback,0,0,0,,,
8218144,,,,8218144.pdf,2021,True,https://disclosures-clerk.house.gov/public_disc/ptr-pdfs/2021/8218144.pdf,high,scanned/image PDF or no embedded text; needs OCR/MinerU/AI fallback,0,0,0,,,
8218147,,,,8218147.pdf,2021,True,https://disclosures-clerk.house.gov/public_disc/ptr-pdfs/2021/8218147.pdf,high,scanned/image PDF or no embedded text; needs OCR/MinerU/AI fallback,0,0,0,,,
8218157,,,,8218157.pdf,2021,True,https://disclosures-clerk.house.gov/public_disc/ptr-pdfs/2021/8218157.pdf,high,scanned/image PDF or no embedded text; needs OCR/MinerU/AI fallback,0,0,0,,,
8218167,,,,8218167.pdf,2021,True,https://disclosures-clerk.house.gov/public_disc/ptr-pdfs/2021/8218167.pdf,high,scanned/image PDF or no embedded text; needs OCR/MinerU/AI fallback,0,0,0,,,
8218182,,,,8218182.pdf,2021,True,https://disclosures-clerk.house.gov/public_disc/ptr-pdfs/2021/8218182.pdf,high,scanned/image PDF or no embedded text; needs OCR/MinerU/AI fallback,0,0,0,,,
8218183,,,,8218183.pdf,2021,True,https://disclosures-clerk.house.gov/public_disc/ptr-pdfs/2021/8218183.pdf,high,scanned/image PDF or no embedded text; needs OCR/MinerU/AI fallback,0,0,0,,,
8218196,,,,8218196.pdf,2021,True,https://disclosures-clerk.house.gov/public_disc/ptr-pdfs/2021/8218196.pdf,high,scanned/image PDF or no embedded text; needs OCR/MinerU/AI fallback,0,0,0,,,
8218220,,,,8218220.pdf,2021,True,https://disclosures-clerk.house.gov/public_disc/ptr-pdfs/2021/8218220.pdf,high,scanned/image PDF or no embedded text; needs OCR/MinerU/AI fallback,0,0,0,,,
8218261,,,,8218261.pdf,2021,True,https://disclosures-clerk.house.gov/public_disc/ptr-pdfs/2021/8218261.pdf,high,scanned/image PDF or no embedded text; needs OCR/MinerU/AI fallback,0,0,0,,,
8218262,,,,8218262.pdf,2021,True,https://disclosures-clerk.house.gov/public_disc/ptr-pdfs/2021/8218262.pdf,high,scanned/image PDF or no embedded text; needs OCR/MinerU/AI fallback,0,0,0,,,
8218296,,,,8218296.pdf,2021,True,https://disclosures-clerk.house.gov/public_disc/ptr-pdfs/2021/8218296.pdf,high,scanned/image PDF or no embedded text; needs OCR/MinerU/AI fallback,0,0,0,,,
8218297,,,,8218297.pdf,2021,True,https://disclosures-clerk.house.gov/public_disc/ptr-pdfs/2021/8218297.pdf,high,scanned/image PDF or no embedded text; needs OCR/MinerU/AI fallback,0,0,0,,,
8218311,,,,8218311.pdf,2021,True,https://disclosures-clerk.house.gov/public_disc/ptr-pdfs/2021/8218311.pdf,high,scanned/image PDF or no embedded text; needs OCR/MinerU/AI fallback,0,0,0,,,
8218312,,,,8218312.pdf,2021,True,https://disclosures-clerk.house.gov/public_disc/ptr-pdfs/2021/8218312.pdf,high,scanned/image PDF or no embedded text; needs OCR/MinerU/AI fallback,0,0,0,,,
8218321,,,,8218321.pdf,2021,True,https://disclosures-clerk.house.gov/public_disc/ptr-pdfs/2021/8218321.pdf,high,scanned/image PDF or no embedded text; needs OCR/MinerU/AI fallback,0,0,0,,,
8218328,,,,8218328.pdf,2021,True,https://disclosures-clerk.house.gov/public_disc/ptr-pdfs/2021/8218328.pdf,high,scanned/image PDF or no embedded text; needs OCR/MinerU/AI fallback,0,0,0,,,
8218329,,,,8218329.pdf,2021,True,https://disclosures-clerk.house.gov/public_disc/ptr-pdfs/2021/8218329.pdf,high,scanned/image PDF or no embedded text; needs OCR/MinerU/AI fallback,0,0,0,,,
8218330,,,,8218330.pdf,2021,True,https://disclosures-clerk.house.gov/public_disc/ptr-pdfs/2021/8218330.pdf,high,scanned/image PDF or no embedded text; needs OCR/MinerU/AI fallback,0,0,0,,,
8218338,,,,8218338.pdf,2021,True,https://disclosures-clerk.house.gov/public_disc/ptr-pdfs/2021/8218338.pdf,high,scanned/image PDF or no embedded text; needs OCR/MinerU/AI fallback,0,0,0,,,
8218358,,,,8218358.pdf,2021,True,https://disclosures-clerk.house.gov/public_disc/ptr-pdfs/2021/8218358.pdf,high,scanned/image PDF or no embedded text; needs OCR/MinerU/AI fallback,0,0,0,,,
8218359,,,,8218359.pdf,2021,True,https://disclosures-clerk.house.gov/public_disc/ptr-pdfs/2021/8218359.pdf,high,scanned/image PDF or no embedded text; needs OCR/MinerU/AI fallback,0,0,0,,,
8218370,,,,8218370.pdf,2021,True,https://disclosures-clerk.house.gov/public_disc/ptr-pdfs/2021/8218370.pdf,high,scanned/image PDF or no embedded text; needs OCR/MinerU/AI fallback,0,0,0,,,
8218371,,,,8218371.pdf,2021,True,https://disclosures-clerk.house.gov/public_disc/ptr-pdfs/2021/8218371.pdf,high,scanned/image PDF or no embedded text; needs OCR/MinerU/AI fallback,0,0,0,,,
8218372,,,,8218372.pdf,2021,True,https://disclosures-clerk.house.gov/public_disc/ptr-pdfs/2021/8218372.pdf,high,scanned/image PDF or no embedded text; needs OCR/MinerU/AI fallback,0,0,0,,,
8218373,,,,8218373.pdf,2021,True,https://disclosures-clerk.house.gov/public_disc/ptr-pdfs/2021/8218373.pdf,high,scanned/image PDF or no embedded text; needs OCR/MinerU/AI fallback,0,0,0,,,
8218374,,,,8218374.pdf,2021,True,https://disclosures-clerk.house.gov/public_disc/ptr-pdfs/2021/8218374.pdf,high,scanned/image PDF or no embedded text; needs OCR/MinerU/AI fallback,0,0,0,,,
8218375,,,,8218375.pdf,2021,True,https://disclosures-clerk.house.gov/public_disc/ptr-pdfs/2021/8218375.pdf,high,scanned/image PDF or no embedded text; needs OCR/MinerU/AI fallback,0,0,0,,,
8218376,,,,8218376.pdf,2021,True,https://disclosures-clerk.house.gov/public_disc/ptr-pdfs/2021/8218376.pdf,high,scanned/image PDF or no embedded text; needs OCR/MinerU/AI fallback,0,0,0,,,
8218379,,,,8218379.pdf,2021,True,https://disclosures-clerk.house.gov/public_disc/ptr-pdfs/2021/8218379.pdf,high,scanned/image PDF or no embedded text; needs OCR/MinerU/AI fallback,0,0,0,,,
8218380,,,,8218380.pdf,2021,True,https://disclosures-clerk.house.gov/public_disc/ptr-pdfs/2021/8218380.pdf,high,scanned/image PDF or no embedded text; needs OCR/MinerU/AI fallback,0,0,0,,,
8218381,,,,8218381.pdf,2021,True,https://disclosures-clerk.house.gov/public_disc/ptr-pdfs/2021/8218381.pdf,high,scanned/image PDF or no embedded text; needs OCR/MinerU/AI fallback,0,0,0,,,
8218386,,,,8218386.pdf,2021,True,https://disclosures-clerk.house.gov/public_disc/ptr-pdfs/2021/8218386.pdf,high,scanned/image PDF or no embedded text; needs OCR/MinerU/AI fallback,0,0,0,,,
8218397,,,,8218397.pdf,2021,True,https://disclosures-clerk.house.gov/public_disc/ptr-pdfs/2021/8218397.pdf,high,scanned/image PDF or no embedded text; needs OCR/MinerU/AI fallback,0,0,0,,,
8218398,,,,8218398.pdf,2021,True,https://disclosures-clerk.house.gov/public_disc/ptr-pdfs/2021/8218398.pdf,high,scanned/image PDF or no embedded text; needs OCR/MinerU/AI fallback,0,0,0,,,
8218405,,,,8218405.pdf,2021,True,https://disclosures-clerk.house.gov/public_disc/ptr-pdfs/2021/8218405.pdf,high,scanned/image PDF or no embedded text; needs OCR/MinerU/AI fallback,0,0,0,,,
8218408,,,,8218408.pdf,2021,True,https://disclosures-clerk.house.gov/public_disc/ptr-pdfs/2021/8218408.pdf,high,scanned/image PDF or no embedded text; needs OCR/MinerU/AI fallback,0,0,0,,,
8218410,,,,8218410.pdf,2021,True,https://disclosures-clerk.house.gov/public_disc/ptr-pdfs/2021/8218410.pdf,high,scanned/image PDF or no embedded text; needs OCR/MinerU/AI fallback,0,0,0,,,
8218411,,,,8218411.pdf,2021,True,https://disclosures-clerk.house.gov/public_disc/ptr-pdfs/2021/8218411.pdf,high,scanned/image PDF or no embedded text; needs OCR/MinerU/AI fallback,0,0,0,,,
8218413,,,,8218413.pdf,2021,True,https://disclosures-clerk.house.gov/public_disc/ptr-pdfs/2021/8218413.pdf,high,scanned/image PDF or no embedded text; needs OCR/MinerU/AI fallback,0,0,0,,,
8218414,,,,8218414.pdf,2021,True,https://disclosures-clerk.house.gov/public_disc/ptr-pdfs/2021/8218414.pdf,high,scanned/image PDF or no embedded text; needs OCR/MinerU/AI fallback,0,0,0,,,
8218417,,,,8218417.pdf,2021,True,https://disclosures-clerk.house.gov/public_disc/ptr-pdfs/2021/8218417.pdf,high,scanned/image PDF or no embedded text; needs OCR/MinerU/AI fallback,0,0,0,,,
8218424,,,,8218424.pdf,2021,True,https://disclosures-clerk.house.gov/public_disc/ptr-pdfs/2021/8218424.pdf,high,scanned/image PDF or no embedded text; needs OCR/MinerU/AI fallback,0,0,0,,,
8218426,,,,8218426.pdf,2021,True,https://disclosures-clerk.house.gov/public_disc/ptr-pdfs/2021/8218426.pdf,high,scanned/image PDF or no embedded text; needs OCR/MinerU/AI fallback,0,0,0,,,
8218433,,,,8218433.pdf,2021,True,https://disclosures-clerk.house.gov/public_disc/ptr-pdfs/2021/8218433.pdf,high,scanned/image PDF or no embedded text; needs OCR/MinerU/AI fallback,0,0,0,,,
8218436,,,,8218436.pdf,2021,True,https://disclosures-clerk.house.gov/public_disc/ptr-pdfs/2021/8218436.pdf,high,scanned/image PDF or no embedded text; needs OCR/MinerU/AI fallback,0,0,0,,,
8218441,,,,8218441.pdf,2021,True,https://disclosures-clerk.house.gov/public_disc/ptr-pdfs/2021/8218441.pdf,high,scanned/image PDF or no embedded text; needs OCR/MinerU/AI fallback,0,0,0,,,
8218442,,,,8218442.pdf,2021,True,https://disclosures-clerk.house.gov/public_disc/ptr-pdfs/2021/8218442.pdf,high,scanned/image PDF or no embedded text; needs OCR/MinerU/AI fallback,0,0,0,,,
8218460,,,,8218460.pdf,2021,True,https://disclosures-clerk.house.gov/public_disc/ptr-pdfs/2021/8218460.pdf,high,scanned/image PDF or no embedded text; needs OCR/MinerU/AI fallback,0,0,0,,,
8218477,,,,8218477.pdf,2021,True,https://disclosures-clerk.house.gov/public_disc/ptr-pdfs/2021/8218477.pdf,high,scanned/image PDF or no embedded text; needs OCR/MinerU/AI fallback,0,0,0,,,
8218478,,,,8218478.pdf,2021,True,https://disclosures-clerk.house.gov/public_disc/ptr-pdfs/2021/8218478.pdf,high,scanned/image PDF or no embedded text; needs OCR/MinerU/AI fallback,0,0,0,,,
8218481,,,,8218481.pdf,2021,True,https://disclosures-clerk.house.gov/public_disc/ptr-pdfs/2021/8218481.pdf,high,scanned/image PDF or no embedded text; needs OCR/MinerU/AI fallback,0,0,0,,,
8218489,,,,8218489.pdf,2021,True,https://disclosures-clerk.house.gov/public_disc/ptr-pdfs/2021/8218489.pdf,high,scanned/image PDF or no embedded text; needs OCR/MinerU/AI fallback,0,0,0,,,
8218490,,,,8218490.pdf,2021,True,https://disclosures-clerk.house.gov/public_disc/ptr-pdfs/2021/8218490.pdf,high,scanned/image PDF or no embedded text; needs OCR/MinerU/AI fallback,0,0,0,,,
8218491,,,,8218491.pdf,2021,True,https://disclosures-clerk.house.gov/public_disc/ptr-pdfs/2021/8218491.pdf,high,scanned/image PDF or no embedded text; needs OCR/MinerU/AI fallback,0,0,0,,,
8218500,,,,8218500.pdf,2021,True,https://disclosures-clerk.house.gov/public_disc/ptr-pdfs/2021/8218500.pdf,high,scanned/image PDF or no embedded text; needs OCR/MinerU/AI fallback,0,0,0,,,
8218505,,,,8218505.pdf,2021,True,https://disclosures-clerk.house.gov/public_disc/ptr-pdfs/2021/8218505.pdf,high,scanned/image PDF or no embedded text; needs OCR/MinerU/AI fallback,0,0,0,,,
8218506,,,,8218506.pdf,2021,True,https://disclosures-clerk.house.gov/public_disc/ptr-pdfs/2021/8218506.pdf,high,scanned/image PDF or no embedded text; needs OCR/MinerU/AI fallback,0,0,0,,,
8218507,,,,8218507.pdf,2021,True,https://disclosures-clerk.house.gov/public_disc/ptr-pdfs/2021/8218507.pdf,high,scanned/image PDF or no embedded text; needs OCR/MinerU/AI fallback,0,0,0,,,
8218512,,,,8218512.pdf,2021,True,https://disclosures-clerk.house.gov/public_disc/ptr-pdfs/2021/8218512.pdf,high,scanned/image PDF or no embedded text; needs OCR/MinerU/AI fallback,0,0,0,,,
8218519,,,,8218519.pdf,2021,True,https://disclosures-clerk.house.gov/public_disc/ptr-pdfs/2021/8218519.pdf,high,scanned/image PDF or no embedded text; needs OCR/MinerU/AI fallback,0,0,0,,,
8218522,,,,8218522.pdf,2021,True,https://disclosures-clerk.house.gov/public_disc/ptr-pdfs/2021/8218522.pdf,high,scanned/image PDF or no embedded text; needs OCR/MinerU/AI fallback,0,0,0,,,
8218523,,,,8218523.pdf,2021,True,https://disclosures-clerk.house.gov/public_disc/ptr-pdfs/2021/8218523.pdf,high,scanned/image PDF or no embedded text; needs OCR/MinerU/AI fallback,0,0,0,,,
8218541,,,,8218541.pdf,2021,True,https://disclosures-clerk.house.gov/public_disc/ptr-pdfs/2021/8218541.pdf,high,scanned/image PDF or no embedded text; needs OCR/MinerU/AI fallback,0,0,0,,,
8218581,,,,8218581.pdf,2021,True,https://disclosures-clerk.house.gov/public_disc/ptr-pdfs/2021/8218581.pdf,high,scanned/image PDF or no embedded text; needs OCR/MinerU/AI fallback,0,0,0,,,
8219063,,,,8219063.pdf,2021,True,https://disclosures-clerk.house.gov/public_disc/ptr-pdfs/2021/8219063.pdf,high,scanned/image PDF or no embedded text; needs OCR/MinerU/AI fallback,0,0,0,,,
8218518,,,,8218518.pdf,2022,True,https://disclosures-clerk.house.gov/public_disc/ptr-pdfs/2022/8218518.pdf,high,scanned/image PDF or no embedded text; needs OCR/MinerU/AI fallback,0,0,0,,,
8218527,,,,8218527.pdf,2022,True,https://disclosures-clerk.house.gov/public_disc/ptr-pdfs/2022/8218527.pdf,high,scanned/image PDF or no embedded text; needs OCR/MinerU/AI fallback,0,0,0,,,
8218534,,,,8218534.pdf,2022,True,https://disclosures-clerk.house.gov/public_disc/ptr-pdfs/2022/8218534.pdf,high,scanned/image PDF or no embedded text; needs OCR/MinerU/AI fallback,0,0,0,,,
8218535,,,,8218535.pdf,2022,True,https://disclosures-clerk.house.gov/public_disc/ptr-pdfs/2022/8218535.pdf,high,scanned/image PDF or no embedded text; needs OCR/MinerU/AI fallback,0,0,0,,,
8218540,,,,8218540.pdf,2022,True,https://disclosures-clerk.house.gov/public_disc/ptr-pdfs/2022/8218540.pdf,high,scanned/image PDF or no embedded text; needs OCR/MinerU/AI fallback,0,0,0,,,
8218543,,,,8218543.pdf,2022,True,https://disclosures-clerk.house.gov/public_disc/ptr-pdfs/2022/8218543.pdf,high,scanned/image PDF or no embedded text; needs OCR/MinerU/AI fallback,0,0,0,,,
8218545,,,,8218545.pdf,2022,True,https://disclosures-clerk.house.gov/public_disc/ptr-pdfs/2022/8218545.pdf,high,scanned/image PDF or no embedded text; needs OCR/MinerU/AI fallback,0,0,0,,,
8218548,,,,8218548.pdf,2022,True,https://disclosures-clerk.house.gov/public_disc/ptr-pdfs/2022/8218548.pdf,high,scanned/image PDF or no embedded text; needs OCR/MinerU/AI fallback,0,0,0,,,
8218557,,,,8218557.pdf,2022,True,https://disclosures-clerk.house.gov/public_disc/ptr-pdfs/2022/8218557.pdf,high,scanned/image PDF or no embedded text; needs OCR/MinerU/AI fallback,0,0,0,,,
8218558,,,,8218558.pdf,2022,True,https://disclosures-clerk.house.gov/public_disc/ptr-pdfs/2022/8218558.pdf,high,scanned/image PDF or no embedded text; needs OCR/MinerU/AI fallback,0,0,0,,,
8218560,,,,8218560.pdf,2022,True,https://disclosures-clerk.house.gov/public_disc/ptr-pdfs/2022/8218560.pdf,high,scanned/image PDF or no embedded text; needs OCR/MinerU/AI fallback,0,0,0,,,
8218561,,,,8218561.pdf,2022,True,https://disclosures-clerk.house.gov/public_disc/ptr-pdfs/2022/8218561.pdf,high,scanned/image PDF or no embedded text; needs OCR/MinerU/AI fallback,0,0,0,,,
8218564,,,,8218564.pdf,2022,True,https://disclosures-clerk.house.gov/public_disc/ptr-pdfs/2022/8218564.pdf,high,scanned/image PDF or no embedded text; needs OCR/MinerU/AI fallback,0,0,0,,,
8218565,,,,8218565.pdf,2022,True,https://disclosures-clerk.house.gov/public_disc/ptr-pdfs/2022/8218565.pdf,high,scanned/image PDF or no embedded text; needs OCR/MinerU/AI fallback,0,0,0,,,
8218568,,,,8218568.pdf,2022,True,https://disclosures-clerk.house.gov/public_disc/ptr-pdfs/2022/8218568.pdf,high,scanned/image PDF or no embedded text; needs OCR/MinerU/AI fallback,0,0,0,,,
8218569,,,,8218569.pdf,2022,True,https://disclosures-clerk.house.gov/public_disc/ptr-pdfs/2022/8218569.pdf,high,scanned/image PDF or no embedded text; needs OCR/MinerU/AI fallback,0,0,0,,,
8218579,,,,8218579.pdf,2022,True,https://disclosures-clerk.house.gov/public_disc/ptr-pdfs/2022/8218579.pdf,high,scanned/image PDF or no embedded text; needs OCR/MinerU/AI fallback,0,0,0,,,
8218580,,,,8218580.pdf,2022,True,https://disclosures-clerk.house.gov/public_disc/ptr-pdfs/2022/8218580.pdf,high,scanned/image PDF or no embedded text; needs OCR/MinerU/AI fallback,0,0,0,,,
8218587,,,,8218587.pdf,2022,True,https://disclosures-clerk.house.gov/public_disc/ptr-pdfs/2022/8218587.pdf,high,scanned/image PDF or no embedded text; needs OCR/MinerU/AI fallback,0,0,0,,,
8218597,,,,8218597.pdf,2022,True,https://disclosures-clerk.house.gov/public_disc/ptr-pdfs/2022/8218597.pdf,high,scanned/image PDF or no embedded text; needs OCR/MinerU/AI fallback,0,0,0,,,
8218598,,,,8218598.pdf,2022,True,https://disclosures-clerk.house.gov/public_disc/ptr-pdfs/2022/8218598.pdf,high,scanned/image PDF or no embedded text; needs OCR/MinerU/AI fallback,0,0,0,,,
8218599,,,,8218599.pdf,2022,True,https://disclosures-clerk.house.gov/public_disc/ptr-pdfs/2022/8218599.pdf,high,scanned/image PDF or no embedded text; needs OCR/MinerU/AI fallback,0,0,0,,,
8218604,,,,8218604.pdf,2022,True,https://disclosures-clerk.house.gov/public_disc/ptr-pdfs/2022/8218604.pdf,high,scanned/image PDF or no embedded text; needs OCR/MinerU/AI fallback,0,0,0,,,
8218615,,,,8218615.pdf,2022,True,https://disclosures-clerk.house.gov/public_disc/ptr-pdfs/2022/8218615.pdf,high,scanned/image PDF or no embedded text; needs OCR/MinerU/AI fallback,0,0,0,,,
8218620,,,,8218620.pdf,2022,True,https://disclosures-clerk.house.gov/public_disc/ptr-pdfs/2022/8218620.pdf,high,scanned/image PDF or no embedded text; needs OCR/MinerU/AI fallback,0,0,0,,,
8218621,,,,8218621.pdf,2022,True,https://disclosures-clerk.house.gov/public_disc/ptr-pdfs/2022/8218621.pdf,high,scanned/image PDF or no embedded text; needs OCR/MinerU/AI fallback,0,0,0,,,
8218624,,,,8218624.pdf,2022,True,https://disclosures-clerk.house.gov/public_disc/ptr-pdfs/2022/8218624.pdf,high,scanned/image PDF or no embedded text; needs OCR/MinerU/AI fallback,0,0,0,,,
8218628,,,,8218628.pdf,2022,True,https://disclosures-clerk.house.gov/public_disc/ptr-pdfs/2022/8218628.pdf,high,scanned/image PDF or no embedded text; needs OCR/MinerU/AI fallback,0,0,0,,,
8218631,,,,8218631.pdf,2022,True,https://disclosures-clerk.house.gov/public_disc/ptr-pdfs/2022/8218631.pdf,high,scanned/image PDF or no embedded text; needs OCR/MinerU/AI fallback,0,0,0,,,
8218637,,,,8218637.pdf,2022,True,https://disclosures-clerk.house.gov/public_disc/ptr-pdfs/2022/8218637.pdf,high,scanned/image PDF or no embedded text; needs OCR/MinerU/AI fallback,0,0,0,,,
8218640,,,,8218640.pdf,2022,True,https://disclosures-clerk.house.gov/public_disc/ptr-pdfs/2022/8218640.pdf,high,scanned/image PDF or no embedded text; needs OCR/MinerU/AI fallback,0,0,0,,,
8218641,,,,8218641.pdf,2022,True,https://disclosures-clerk.house.gov/public_disc/ptr-pdfs/2022/8218641.pdf,high,scanned/image PDF or no embedded text; needs OCR/MinerU/AI fallback,0,0,0,,,
8218642,,,,8218642.pdf,2022,True,https://disclosures-clerk.house.gov/public_disc/ptr-pdfs/2022/8218642.pdf,high,scanned/image PDF or no embedded text; needs OCR/MinerU/AI fallback,0,0,0,,,
8218645,,,,8218645.pdf,2022,True,https://disclosures-clerk.house.gov/public_disc/ptr-pdfs/2022/8218645.pdf,high,scanned/image PDF or no embedded text; needs OCR/MinerU/AI fallback,0,0,0,,,
8218652,,,,8218652.pdf,2022,True,https://disclosures-clerk.house.gov/public_disc/ptr-pdfs/2022/8218652.pdf,high,scanned/image PDF or no embedded text; needs OCR/MinerU/AI fallback,0,0,0,,,
8218659,,,,8218659.pdf,2022,True,https://disclosures-clerk.house.gov/public_disc/ptr-pdfs/2022/8218659.pdf,high,scanned/image PDF or no embedded text; needs OCR/MinerU/AI fallback,0,0,0,,,
8218661,,,,8218661.pdf,2022,True,https://disclosures-clerk.house.gov/public_disc/ptr-pdfs/2022/8218661.pdf,high,scanned/image PDF or no embedded text; needs OCR/MinerU/AI fallback,0,0,0,,,
8218662,,,,8218662.pdf,2022,True,https://disclosures-clerk.house.gov/public_disc/ptr-pdfs/2022/8218662.pdf,high,scanned/image PDF or no embedded text; needs OCR/MinerU/AI fallback,0,0,0,,,
8218698,,,,8218698.pdf,2022,True,https://disclosures-clerk.house.gov/public_disc/ptr-pdfs/2022/8218698.pdf,high,scanned/image PDF or no embedded text; needs OCR/MinerU/AI fallback,0,0,0,,,
8218730,,,,8218730.pdf,2022,True,https://disclosures-clerk.house.gov/public_disc/ptr-pdfs/2022/8218730.pdf,high,scanned/image PDF or no embedded text; needs OCR/MinerU/AI fallback,0,0,0,,,
8218753,,,,8218753.pdf,2022,True,https://disclosures-clerk.house.gov/public_disc/ptr-pdfs/2022/8218753.pdf,high,scanned/image PDF or no embedded text; needs OCR/MinerU/AI fallback,0,0,0,,,
8218757,,,,8218757.pdf,2022,True,https://disclosures-clerk.house.gov/public_disc/ptr-pdfs/2022/8218757.pdf,high,scanned/image PDF or no embedded text; needs OCR/MinerU/AI fallback,0,0,0,,,
8218777,,,,8218777.pdf,2022,True,https://disclosures-clerk.house.gov/public_disc/ptr-pdfs/2022/8218777.pdf,high,scanned/image PDF or no embedded text; needs OCR/MinerU/AI fallback,0,0,0,,,
8218855,,,,8218855.pdf,2022,True,https://disclosures-clerk.house.gov/public_disc/ptr-pdfs/2022/8218855.pdf,high,scanned/image PDF or no embedded text; needs OCR/MinerU/AI fallback,0,0,0,,,
8218856,,,,8218856.pdf,2022,True,https://disclosures-clerk.house.gov/public_disc/ptr-pdfs/2022/8218856.pdf,high,scanned/image PDF or no embedded text; needs OCR/MinerU/AI fallback,0,0,0,,,
8218894,,,,8218894.pdf,2022,True,https://disclosures-clerk.house.gov/public_disc/ptr-pdfs/2022/8218894.pdf,high,scanned/image PDF or no embedded text; needs OCR/MinerU/AI fallback,0,0,0,,,
8218930,,,,8218930.pdf,2022,True,https://disclosures-clerk.house.gov/public_disc/ptr-pdfs/2022/8218930.pdf,high,scanned/image PDF or no embedded text; needs OCR/MinerU/AI fallback,0,0,0,,,
8218933,,,,8218933.pdf,2022,True,https://disclosures-clerk.house.gov/public_disc/ptr-pdfs/2022/8218933.pdf,high,scanned/image PDF or no embedded text; needs OCR/MinerU/AI fallback,0,0,0,,,
8218936,,,,8218936.pdf,2022,True,https://disclosures-clerk.house.gov/public_disc/ptr-pdfs/2022/8218936.pdf,high,scanned/image PDF or no embedded text; needs OCR/MinerU/AI fallback,0,0,0,,,
8218937,,,,8218937.pdf,2022,True,https://disclosures-clerk.house.gov/public_disc/ptr-pdfs/2022/8218937.pdf,high,scanned/image PDF or no embedded text; needs OCR/MinerU/AI fallback,0,0,0,,,
8218938,,,,8218938.pdf,2022,True,https://disclosures-clerk.house.gov/public_disc/ptr-pdfs/2022/8218938.pdf,high,scanned/image PDF or no embedded text; needs OCR/MinerU/AI fallback,0,0,0,,,
8218940,,,,8218940.pdf,2022,True,https://disclosures-clerk.house.gov/public_disc/ptr-pdfs/2022/8218940.pdf,high,scanned/image PDF or no embedded text; needs OCR/MinerU/AI fallback,0,0,0,,,
8219010,,,,8219010.pdf,2022,True,https://disclosures-clerk.house.gov/public_disc/ptr-pdfs/2022/8219010.pdf,high,scanned/image PDF or no embedded text; needs OCR/MinerU/AI fallback,0,0,0,,,
8219025,,,,8219025.pdf,2022,True,https://disclosures-clerk.house.gov/public_disc/ptr-pdfs/2022/8219025.pdf,high,scanned/image PDF or no embedded text; needs OCR/MinerU/AI fallback,0,0,0,,,
8219043,,,,8219043.pdf,2022,True,https://disclosures-clerk.house.gov/public_disc/ptr-pdfs/2022/8219043.pdf,high,scanned/image PDF or no embedded text; needs OCR/MinerU/AI fallback,0,0,0,,,
8219044,,,,8219044.pdf,2022,True,https://disclosures-clerk.house.gov/public_disc/ptr-pdfs/2022/8219044.pdf,high,scanned/image PDF or no embedded text; needs OCR/MinerU/AI fallback,0,0,0,,,
8219054,,,,8219054.pdf,2022,True,https://disclosures-clerk.house.gov/public_disc/ptr-pdfs/2022/8219054.pdf,high,scanned/image PDF or no embedded text; needs OCR/MinerU/AI fallback,0,0,0,,,
8219056,,,,8219056.pdf,2022,True,https://disclosures-clerk.house.gov/public_disc/ptr-pdfs/2022/8219056.pdf,high,scanned/image PDF or no embedded text; needs OCR/MinerU/AI fallback,0,0,0,,,
8219057,,,,8219057.pdf,2022,True,https://disclosures-clerk.house.gov/public_disc/ptr-pdfs/2022/8219057.pdf,high,scanned/image PDF or no embedded text; needs OCR/MinerU/AI fallback,0,0,0,,,
8219067,,,,8219067.pdf,2022,True,https://disclosures-clerk.house.gov/public_disc/ptr-pdfs/2022/8219067.pdf,high,scanned/image PDF or no embedded text; needs OCR/MinerU/AI fallback,0,0,0,,,
8219068,,,,8219068.pdf,2022,True,https://disclosures-clerk.house.gov/public_disc/ptr-pdfs/2022/8219068.pdf,high,scanned/image PDF or no embedded text; needs OCR/MinerU/AI fallback,0,0,0,,,
8219082,,,,8219082.pdf,2022,True,https://disclosures-clerk.house.gov/public_disc/ptr-pdfs/2022/8219082.pdf,high,scanned/image PDF or no embedded text; needs OCR/MinerU/AI fallback,0,0,0,,,
8219090,,,,8219090.pdf,2022,True,https://disclosures-clerk.house.gov/public_disc/ptr-pdfs/2022/8219090.pdf,high,scanned/image PDF or no embedded text; needs OCR/MinerU/AI fallback,0,0,0,,,
8219092,,,,8219092.pdf,2022,True,https://disclosures-clerk.house.gov/public_disc/ptr-pdfs/2022/8219092.pdf,high,scanned/image PDF or no embedded text; needs OCR/MinerU/AI fallback,0,0,0,,,
8219130,,,,8219130.pdf,2022,True,https://disclosures-clerk.house.gov/public_disc/ptr-pdfs/2022/8219130.pdf,high,scanned/image PDF or no embedded text; needs OCR/MinerU/AI fallback,0,0,0,,,
8219131,,,,8219131.pdf,2022,True,https://disclosures-clerk.house.gov/public_disc/ptr-pdfs/2022/8219131.pdf,high,scanned/image PDF or no embedded text; needs OCR/MinerU/AI fallback,0,0,0,,,
8219135,,,,8219135.pdf,2022,True,https://disclosures-clerk.house.gov/public_disc/ptr-pdfs/2022/8219135.pdf,high,scanned/image PDF or no embedded text; needs OCR/MinerU/AI fallback,0,0,0,,,
8219155,,,,8219155.pdf,2022,True,https://disclosures-clerk.house.gov/public_disc/ptr-pdfs/2022/8219155.pdf,high,scanned/image PDF or no embedded text; needs OCR/MinerU/AI fallback,0,0,0,,,
8219156,,,,8219156.pdf,2022,True,https://disclosures-clerk.house.gov/public_disc/ptr-pdfs/2022/8219156.pdf,high,scanned/image PDF or no embedded text; needs OCR/MinerU/AI fallback,0,0,0,,,
8219165,,,,8219165.pdf,2022,True,https://disclosures-clerk.house.gov/public_disc/ptr-pdfs/2022/8219165.pdf,high,scanned/image PDF or no embedded text; needs OCR/MinerU/AI fallback,0,0,0,,,
8219166,,,,8219166.pdf,2022,True,https://disclosures-clerk.house.gov/public_disc/ptr-pdfs/2022/8219166.pdf,high,scanned/image PDF or no embedded text; needs OCR/MinerU/AI fallback,0,0,0,,,
8219185,,,,8219185.pdf,2022,True,https://disclosures-clerk.house.gov/public_disc/ptr-pdfs/2022/8219185.pdf,high,scanned/image PDF or no embedded text; needs OCR/MinerU/AI fallback,0,0,0,,,
8219196,,,,8219196.pdf,2022,True,https://disclosures-clerk.house.gov/public_disc/ptr-pdfs/2022/8219196.pdf,high,scanned/image PDF or no embedded text; needs OCR/MinerU/AI fallback,0,0,0,,,
8219202,,,,8219202.pdf,2022,True,https://disclosures-clerk.house.gov/public_disc/ptr-pdfs/2022/8219202.pdf,high,scanned/image PDF or no embedded text; needs OCR/MinerU/AI fallback,0,0,0,,,
8219205,,,,8219205.pdf,2022,True,https://disclosures-clerk.house.gov/public_disc/ptr-pdfs/2022/8219205.pdf,high,scanned/image PDF or no embedded text; needs OCR/MinerU/AI fallback,0,0,0,,,
8219207,,,,8219207.pdf,2022,True,https://disclosures-clerk.house.gov/public_disc/ptr-pdfs/2022/8219207.pdf,high,scanned/image PDF or no embedded text; needs OCR/MinerU/AI fallback,0,0,0,,,
8219209,,,,8219209.pdf,2022,True,https://disclosures-clerk.house.gov/public_disc/ptr-pdfs/2022/8219209.pdf,high,scanned/image PDF or no embedded text; needs OCR/MinerU/AI fallback,0,0,0,,,
8219218,,,,8219218.pdf,2022,True,https://disclosures-clerk.house.gov/public_disc/ptr-pdfs/2022/8219218.pdf,high,scanned/image PDF or no embedded text; needs OCR/MinerU/AI fallback,0,0,0,,,
8219219,,,,8219219.pdf,2022,True,https://disclosures-clerk.house.gov/public_disc/ptr-pdfs/2022/8219219.pdf,high,scanned/image PDF or no embedded text; needs OCR/MinerU/AI fallback,0,0,0,,,
8219222,,,,8219222.pdf,2022,True,https://disclosures-clerk.house.gov/public_disc/ptr-pdfs/2022/8219222.pdf,high,scanned/image PDF or no embedded text; needs OCR/MinerU/AI fallback,0,0,0,,,
8219228,,,,8219228.pdf,2022,True,https://disclosures-clerk.house.gov/public_disc/ptr-pdfs/2022/8219228.pdf,high,scanned/image PDF or no embedded text; needs OCR/MinerU/AI fallback,0,0,0,,,
8219232,,,,8219232.pdf,2022,True,https://disclosures-clerk.house.gov/public_disc/ptr-pdfs/2022/8219232.pdf,high,scanned/image PDF or no embedded text; needs OCR/MinerU/AI fallback,0,0,0,,,
8219241,,,,8219241.pdf,2022,True,https://disclosures-clerk.house.gov/public_disc/ptr-pdfs/2022/8219241.pdf,high,scanned/image PDF or no embedded text; needs OCR/MinerU/AI fallback,0,0,0,,,
8219242,,,,8219242.pdf,2022,True,https://disclosures-clerk.house.gov/public_disc/ptr-pdfs/2022/8219242.pdf,high,scanned/image PDF or no embedded text; needs OCR/MinerU/AI fallback,0,0,0,,,
8219244,,,,8219244.pdf,2022,True,https://disclosures-clerk.house.gov/public_disc/ptr-pdfs/2022/8219244.pdf,high,scanned/image PDF or no embedded text; needs OCR/MinerU/AI fallback,0,0,0,,,
8219250,,,,8219250.pdf,2022,True,https://disclosures-clerk.house.gov/public_disc/ptr-pdfs/2022/8219250.pdf,high,scanned/image PDF or no embedded text; needs OCR/MinerU/AI fallback,0,0,0,,,
8219256,,,,8219256.pdf,2022,True,https://disclosures-clerk.house.gov/public_disc/ptr-pdfs/2022/8219256.pdf,high,scanned/image PDF or no embedded text; needs OCR/MinerU/AI fallback,0,0,0,,,
8219258,,,,8219258.pdf,2022,True,https://disclosures-clerk.house.gov/public_disc/ptr-pdfs/2022/8219258.pdf,high,scanned/image PDF or no embedded text; needs OCR/MinerU/AI fallback,0,0,0,,,
8219259,,,,8219259.pdf,2022,True,https://disclosures-clerk.house.gov/public_disc/ptr-pdfs/2022/8219259.pdf,high,scanned/image PDF or no embedded text; needs OCR/MinerU/AI fallback,0,0,0,,,
8219265,,,,8219265.pdf,2022,True,https://disclosures-clerk.house.gov/public_disc/ptr-pdfs/2022/8219265.pdf,high,scanned/image PDF or no embedded text; needs OCR/MinerU/AI fallback,0,0,0,,,
8219266,,,,8219266.pdf,2022,True,https://disclosures-clerk.house.gov/public_disc/ptr-pdfs/2022/8219266.pdf,high,scanned/image PDF or no embedded text; needs OCR/MinerU/AI fallback,0,0,0,,,
8219269,,,,8219269.pdf,2022,True,https://disclosures-clerk.house.gov/public_disc/ptr-pdfs/2022/8219269.pdf,high,scanned/image PDF or no embedded text; needs OCR/MinerU/AI fallback,0,0,0,,,
8219272,,,,8219272.pdf,2022,True,https://disclosures-clerk.house.gov/public_disc/ptr-pdfs/2022/8219272.pdf,high,scanned/image PDF or no embedded text; needs OCR/MinerU/AI fallback,0,0,0,,,
8219273,,,,8219273.pdf,2022,True,https://disclosures-clerk.house.gov/public_disc/ptr-pdfs/2022/8219273.pdf,high,scanned/image PDF or no embedded text; needs OCR/MinerU/AI fallback,0,0,0,,,
8219275,,,,8219275.pdf,2022,True,https://disclosures-clerk.house.gov/public_disc/ptr-pdfs/2022/8219275.pdf,high,scanned/image PDF or no embedded text; needs OCR/MinerU/AI fallback,0,0,0,,,
8219276,,,,8219276.pdf,2022,True,https://disclosures-clerk.house.gov/public_disc/ptr-pdfs/2022/8219276.pdf,high,scanned/image PDF or no embedded text; needs OCR/MinerU/AI fallback,0,0,0,,,
8219277,,,,8219277.pdf,2022,True,https://disclosures-clerk.house.gov/public_disc/ptr-pdfs/2022/8219277.pdf,high,scanned/image PDF or no embedded text; needs OCR/MinerU/AI fallback,0,0,0,,,
8219281,,,,8219281.pdf,2022,True,https://disclosures-clerk.house.gov/public_disc/ptr-pdfs/2022/8219281.pdf,high,scanned/image PDF or no embedded text; needs OCR/MinerU/AI fallback,0,0,0,,,
8219286,,,,8219286.pdf,2022,True,https://disclosures-clerk.house.gov/public_disc/ptr-pdfs/2022/8219286.pdf,high,scanned/image PDF or no embedded text; needs OCR/MinerU/AI fallback,0,0,0,,,
8219288,,,,8219288.pdf,2022,True,https://disclosures-clerk.house.gov/public_disc/ptr-pdfs/2022/8219288.pdf,high,scanned/image PDF or no embedded text; needs OCR/MinerU/AI fallback,0,0,0,,,
8219289,,,,8219289.pdf,2022,True,https://disclosures-clerk.house.gov/public_disc/ptr-pdfs/2022/8219289.pdf,high,scanned/image PDF or no embedded text; needs OCR/MinerU/AI fallback,0,0,0,,,
8219290,,,,8219290.pdf,2022,True,https://disclosures-clerk.house.gov/public_disc/ptr-pdfs/2022/8219290.pdf,high,scanned/image PDF or no embedded text; needs OCR/MinerU/AI fallback,0,0,0,,,
8219291,,,,8219291.pdf,2022,True,https://disclosures-clerk.house.gov/public_disc/ptr-pdfs/2022/8219291.pdf,high,scanned/image PDF or no embedded text; needs OCR/MinerU/AI fallback,0,0,0,,,
8219292,,,,8219292.pdf,2022,True,https://disclosures-clerk.house.gov/public_disc/ptr-pdfs/2022/8219292.pdf,high,scanned/image PDF or no embedded text; needs OCR/MinerU/AI fallback,0,0,0,,,
8219294,,,,8219294.pdf,2022,True,https://disclosures-clerk.house.gov/public_disc/ptr-pdfs/2022/8219294.pdf,high,scanned/image PDF or no embedded text; needs OCR/MinerU/AI fallback,0,0,0,,,
8219297,,,,8219297.pdf,2022,True,https://disclosures-clerk.house.gov/public_disc/ptr-pdfs/2022/8219297.pdf,high,scanned/image PDF or no embedded text; needs OCR/MinerU/AI fallback,0,0,0,,,
8219298,,,,8219298.pdf,2022,True,https://disclosures-clerk.house.gov/public_disc/ptr-pdfs/2022/8219298.pdf,high,scanned/image PDF or no embedded text; needs OCR/MinerU/AI fallback,0,0,0,,,
8219309,,,,8219309.pdf,2022,True,https://disclosures-clerk.house.gov/public_disc/ptr-pdfs/2022/8219309.pdf,high,scanned/image PDF or no embedded text; needs OCR/MinerU/AI fallback,0,0,0,,,
8219315,,,,8219315.pdf,2022,True,https://disclosures-clerk.house.gov/public_disc/ptr-pdfs/2022/8219315.pdf,high,scanned/image PDF or no embedded text; needs OCR/MinerU/AI fallback,0,0,0,,,
8219317,,,,8219317.pdf,2022,True,https://disclosures-clerk.house.gov/public_disc/ptr-pdfs/2022/8219317.pdf,high,scanned/image PDF or no embedded text; needs OCR/MinerU/AI fallback,0,0,0,,,
8219318,,,,8219318.pdf,2022,True,https://disclosures-clerk.house.gov/public_disc/ptr-pdfs/2022/8219318.pdf,high,scanned/image PDF or no embedded text; needs OCR/MinerU/AI fallback,0,0,0,,,
8219320,,,,8219320.pdf,2022,True,https://disclosures-clerk.house.gov/public_disc/ptr-pdfs/2022/8219320.pdf,high,scanned/image PDF or no embedded text; needs OCR/MinerU/AI fallback,0,0,0,,,
8219321,,,,8219321.pdf,2022,True,https://disclosures-clerk.house.gov/public_disc/ptr-pdfs/2022/8219321.pdf,high,scanned/image PDF or no embedded text; needs OCR/MinerU/AI fallback,0,0,0,,,
8219328,,,,8219328.pdf,2022,True,https://disclosures-clerk.house.gov/public_disc/ptr-pdfs/2022/8219328.pdf,high,scanned/image PDF or no embedded text; needs OCR/MinerU/AI fallback,0,0,0,,,
8219336,,,,8219336.pdf,2022,True,https://disclosures-clerk.house.gov/public_disc/ptr-pdfs/2022/8219336.pdf,high,scanned/image PDF or no embedded text; needs OCR/MinerU/AI fallback,0,0,0,,,
8219340,,,,8219340.pdf,2022,True,https://disclosures-clerk.house.gov/public_disc/ptr-pdfs/2022/8219340.pdf,high,scanned/image PDF or no embedded text; needs OCR/MinerU/AI fallback,0,0,0,,,
8219343,,,,8219343.pdf,2022,True,https://disclosures-clerk.house.gov/public_disc/ptr-pdfs/2022/8219343.pdf,high,scanned/image PDF or no embedded text; needs OCR/MinerU/AI fallback,0,0,0,,,
8219354,,,,8219354.pdf,2022,True,https://disclosures-clerk.house.gov/public_disc/ptr-pdfs/2022/8219354.pdf,high,scanned/image PDF or no embedded text; needs OCR/MinerU/AI fallback,0,0,0,,,
8219454,,,,8219454.pdf,2022,True,https://disclosures-clerk.house.gov/public_disc/ptr-pdfs/2022/8219454.pdf,high,scanned/image PDF or no embedded text; needs OCR/MinerU/AI fallback,0,0,0,,,
8219339,,,,8219339.pdf,2023,True,https://disclosures-clerk.house.gov/public_disc/ptr-pdfs/2023/8219339.pdf,high,scanned/image PDF or no embedded text; needs OCR/MinerU/AI fallback,0,0,0,,,
8219352,,,,8219352.pdf,2023,True,https://disclosures-clerk.house.gov/public_disc/ptr-pdfs/2023/8219352.pdf,high,scanned/image PDF or no embedded text; needs OCR/MinerU/AI fallback,0,0,0,,,
8219353,,,,8219353.pdf,2023,True,https://disclosures-clerk.house.gov/public_disc/ptr-pdfs/2023/8219353.pdf,high,scanned/image PDF or no embedded text; needs OCR/MinerU/AI fallback,0,0,0,,,
8219356,,,,8219356.pdf,2023,True,https://disclosures-clerk.house.gov/public_disc/ptr-pdfs/2023/8219356.pdf,high,scanned/image PDF or no embedded text; needs OCR/MinerU/AI fallback,0,0,0,,,
8219359,,,,8219359.pdf,2023,True,https://disclosures-clerk.house.gov/public_disc/ptr-pdfs/2023/8219359.pdf,high,scanned/image PDF or no embedded text; needs OCR/MinerU/AI fallback,0,0,0,,,
8219362,,,,8219362.pdf,2023,True,https://disclosures-clerk.house.gov/public_disc/ptr-pdfs/2023/8219362.pdf,high,scanned/image PDF or no embedded text; needs OCR/MinerU/AI fallback,0,0,0,,,
8219383,,,,8219383.pdf,2023,True,https://disclosures-clerk.house.gov/public_disc/ptr-pdfs/2023/8219383.pdf,high,scanned/image PDF or no embedded text; needs OCR/MinerU/AI fallback,0,0,0,,,
8219384,,,,8219384.pdf,2023,True,https://disclosures-clerk.house.gov/public_disc/ptr-pdfs/2023/8219384.pdf,high,scanned/image PDF or no embedded text; needs OCR/MinerU/AI fallback,0,0,0,,,
8219412,,,,8219412.pdf,2023,True,https://disclosures-clerk.house.gov/public_disc/ptr-pdfs/2023/8219412.pdf,high,scanned/image PDF or no embedded text; needs OCR/MinerU/AI fallback,0,0,0,,,
8219414,,,,8219414.pdf,2023,True,https://disclosures-clerk.house.gov/public_disc/ptr-pdfs/2023/8219414.pdf,high,scanned/image PDF or no embedded text; needs OCR/MinerU/AI fallback,0,0,0,,,
8219415,,,,8219415.pdf,2023,True,https://disclosures-clerk.house.gov/public_disc/ptr-pdfs/2023/8219415.pdf,high,scanned/image PDF or no embedded text; needs OCR/MinerU/AI fallback,0,0,0,,,
8219417,,,,8219417.pdf,2023,True,https://disclosures-clerk.house.gov/public_disc/ptr-pdfs/2023/8219417.pdf,high,scanned/image PDF or no embedded text; needs OCR/MinerU/AI fallback,0,0,0,,,
8219420,,,,8219420.pdf,2023,True,https://disclosures-clerk.house.gov/public_disc/ptr-pdfs/2023/8219420.pdf,high,scanned/image PDF or no embedded text; needs OCR/MinerU/AI fallback,0,0,0,,,
8219422,,,,8219422.pdf,2023,True,https://disclosures-clerk.house.gov/public_disc/ptr-pdfs/2023/8219422.pdf,high,scanned/image PDF or no embedded text; needs OCR/MinerU/AI fallback,0,0,0,,,
8219425,,,,8219425.pdf,2023,True,https://disclosures-clerk.house.gov/public_disc/ptr-pdfs/2023/8219425.pdf,high,scanned/image PDF or no embedded text; needs OCR/MinerU/AI fallback,0,0,0,,,
8219430,,,,8219430.pdf,2023,True,https://disclosures-clerk.house.gov/public_disc/ptr-pdfs/2023/8219430.pdf,high,scanned/image PDF or no embedded text; needs OCR/MinerU/AI fallback,0,0,0,,,
8219432,,,,8219432.pdf,2023,True,https://disclosures-clerk.house.gov/public_disc/ptr-pdfs/2023/8219432.pdf,high,scanned/image PDF or no embedded text; needs OCR/MinerU/AI fallback,0,0,0,,,
8219436,,,,8219436.pdf,2023,True,https://disclosures-clerk.house.gov/public_disc/ptr-pdfs/2023/8219436.pdf,high,scanned/image PDF or no embedded text; needs OCR/MinerU/AI fallback,0,0,0,,,
8219442,,,,8219442.pdf,2023,True,https://disclosures-clerk.house.gov/public_disc/ptr-pdfs/2023/8219442.pdf,high,scanned/image PDF or no embedded text; needs OCR/MinerU/AI fallback,0,0,0,,,
8219444,,,,8219444.pdf,2023,True,https://disclosures-clerk.house.gov/public_disc/ptr-pdfs/2023/8219444.pdf,high,scanned/image PDF or no embedded text; needs OCR/MinerU/AI fallback,0,0,0,,,
8219447,,,,8219447.pdf,2023,True,https://disclosures-clerk.house.gov/public_disc/ptr-pdfs/2023/8219447.pdf,high,scanned/image PDF or no embedded text; needs OCR/MinerU/AI fallback,0,0,0,,,
8219455,,,,8219455.pdf,2023,True,https://disclosures-clerk.house.gov/public_disc/ptr-pdfs/2023/8219455.pdf,high,scanned/image PDF or no embedded text; needs OCR/MinerU/AI fallback,0,0,0,,,
8219469,,,,8219469.pdf,2023,True,https://disclosures-clerk.house.gov/public_disc/ptr-pdfs/2023/8219469.pdf,high,scanned/image PDF or no embedded text; needs OCR/MinerU/AI fallback,0,0,0,,,
8219470,,,,8219470.pdf,2023,True,https://disclosures-clerk.house.gov/public_disc/ptr-pdfs/2023/8219470.pdf,high,scanned/image PDF or no embedded text; needs OCR/MinerU/AI fallback,0,0,0,,,
8219483,,,,8219483.pdf,2023,True,https://disclosures-clerk.house.gov/public_disc/ptr-pdfs/2023/8219483.pdf,high,scanned/image PDF or no embedded text; needs OCR/MinerU/AI fallback,0,0,0,,,
8219485,,,,8219485.pdf,2023,True,https://disclosures-clerk.house.gov/public_disc/ptr-pdfs/2023/8219485.pdf,high,scanned/image PDF or no embedded text; needs OCR/MinerU/AI fallback,0,0,0,,,
8219521,,,,8219521.pdf,2023,True,https://disclosures-clerk.house.gov/public_disc/ptr-pdfs/2023/8219521.pdf,high,scanned/image PDF or no embedded text; needs OCR/MinerU/AI fallback,0,0,0,,,
8219522,,,,8219522.pdf,2023,True,https://disclosures-clerk.house.gov/public_disc/ptr-pdfs/2023/8219522.pdf,high,scanned/image PDF or no embedded text; needs OCR/MinerU/AI fallback,0,0,0,,,
8219524,,,,8219524.pdf,2023,True,https://disclosures-clerk.house.gov/public_disc/ptr-pdfs/2023/8219524.pdf,high,scanned/image PDF or no embedded text; needs OCR/MinerU/AI fallback,0,0,0,,,
8219525,,,,8219525.pdf,2023,True,https://disclosures-clerk.house.gov/public_disc/ptr-pdfs/2023/8219525.pdf,high,scanned/image PDF or no embedded text; needs OCR/MinerU/AI fallback,0,0,0,,,
8219527,,,,8219527.pdf,2023,True,https://disclosures-clerk.house.gov/public_disc/ptr-pdfs/2023/8219527.pdf,high,scanned/image PDF or no embedded text; needs OCR/MinerU/AI fallback,0,0,0,,,
8219742,,,,8219742.pdf,2023,True,https://disclosures-clerk.house.gov/public_disc/ptr-pdfs/2023/8219742.pdf,high,scanned/image PDF or no embedded text; needs OCR/MinerU/AI fallback,0,0,0,,,
8219743,,,,8219743.pdf,2023,True,https://disclosures-clerk.house.gov/public_disc/ptr-pdfs/2023/8219743.pdf,high,scanned/image PDF or no embedded text; needs OCR/MinerU/AI fallback,0,0,0,,,
8219748,,,,8219748.pdf,2023,True,https://disclosures-clerk.house.gov/public_disc/ptr-pdfs/2023/8219748.pdf,high,scanned/image PDF or no embedded text; needs OCR/MinerU/AI fallback,0,0,0,,,
8219783,,,,8219783.pdf,2023,True,https://disclosures-clerk.house.gov/public_disc/ptr-pdfs/2023/8219783.pdf,high,scanned/image PDF or no embedded text; needs OCR/MinerU/AI fallback,0,0,0,,,
8219799,,,,8219799.pdf,2023,True,https://disclosures-clerk.house.gov/public_disc/ptr-pdfs/2023/8219799.pdf,high,scanned/image PDF or no embedded text; needs OCR/MinerU/AI fallback,0,0,0,,,
8219808,,,,8219808.pdf,2023,True,https://disclosures-clerk.house.gov/public_disc/ptr-pdfs/2023/8219808.pdf,high,scanned/image PDF or no embedded text; needs OCR/MinerU/AI fallback,0,0,0,,,
8219814,,,,8219814.pdf,2023,True,https://disclosures-clerk.house.gov/public_disc/ptr-pdfs/2023/8219814.pdf,high,scanned/image PDF or no embedded text; needs OCR/MinerU/AI fallback,0,0,0,,,
8219826,,,,8219826.pdf,2023,True,https://disclosures-clerk.house.gov/public_disc/ptr-pdfs/2023/8219826.pdf,high,scanned/image PDF or no embedded text; needs OCR/MinerU/AI fallback,0,0,0,,,
8219834,,,,8219834.pdf,2023,True,https://disclosures-clerk.house.gov/public_disc/ptr-pdfs/2023/8219834.pdf,high,scanned/image PDF or no embedded text; needs OCR/MinerU/AI fallback,0,0,0,,,
8219843,,,,8219843.pdf,2023,True,https://disclosures-clerk.house.gov/public_disc/ptr-pdfs/2023/8219843.pdf,high,scanned/image PDF or no embedded text; needs OCR/MinerU/AI fallback,0,0,0,,,
8219845,,,,8219845.pdf,2023,True,https://disclosures-clerk.house.gov/public_disc/ptr-pdfs/2023/8219845.pdf,high,scanned/image PDF or no embedded text; needs OCR/MinerU/AI fallback,0,0,0,,,
8219854,,,,8219854.pdf,2023,True,https://disclosures-clerk.house.gov/public_disc/ptr-pdfs/2023/8219854.pdf,high,scanned/image PDF or no embedded text; needs OCR/MinerU/AI fallback,0,0,0,,,
8219876,,,,8219876.pdf,2023,True,https://disclosures-clerk.house.gov/public_disc/ptr-pdfs/2023/8219876.pdf,high,scanned/image PDF or no embedded text; needs OCR/MinerU/AI fallback,0,0,0,,,
8219893,,,,8219893.pdf,2023,True,https://disclosures-clerk.house.gov/public_disc/ptr-pdfs/2023/8219893.pdf,high,scanned/image PDF or no embedded text; needs OCR/MinerU/AI fallback,0,0,0,,,
8219904,,,,8219904.pdf,2023,True,https://disclosures-clerk.house.gov/public_disc/ptr-pdfs/2023/8219904.pdf,high,scanned/image PDF or no embedded text; needs OCR/MinerU/AI fallback,0,0,0,,,
8219905,,,,8219905.pdf,2023,True,https://disclosures-clerk.house.gov/public_disc/ptr-pdfs/2023/8219905.pdf,high,scanned/image PDF or no embedded text; needs OCR/MinerU/AI fallback,0,0,0,,,
8219919,,,,8219919.pdf,2023,True,https://disclosures-clerk.house.gov/public_disc/ptr-pdfs/2023/8219919.pdf,high,scanned/image PDF or no embedded text; needs OCR/MinerU/AI fallback,0,0,0,,,
8219921,,,,8219921.pdf,2023,True,https://disclosures-clerk.house.gov/public_disc/ptr-pdfs/2023/8219921.pdf,high,scanned/image PDF or no embedded text; needs OCR/MinerU/AI fallback,0,0,0,,,
8219922,,,,8219922.pdf,2023,True,https://disclosures-clerk.house.gov/public_disc/ptr-pdfs/2023/8219922.pdf,high,scanned/image PDF or no embedded text; needs OCR/MinerU/AI fallback,0,0,0,,,
8219944,,,,8219944.pdf,2023,True,https://disclosures-clerk.house.gov/public_disc/ptr-pdfs/2023/8219944.pdf,high,scanned/image PDF or no embedded text; needs OCR/MinerU/AI fallback,0,0,0,,,
8219953,,,,8219953.pdf,2023,True,https://disclosures-clerk.house.gov/public_disc/ptr-pdfs/2023/8219953.pdf,high,scanned/image PDF or no embedded text; needs OCR/MinerU/AI fallback,0,0,0,,,
8219959,,,,8219959.pdf,2023,True,https://disclosures-clerk.house.gov/public_disc/ptr-pdfs/2023/8219959.pdf,high,scanned/image PDF or no embedded text; needs OCR/MinerU/AI fallback,0,0,0,,,
8219971,,,,8219971.pdf,2023,True,https://disclosures-clerk.house.gov/public_disc/ptr-pdfs/2023/8219971.pdf,high,scanned/image PDF or no embedded text; needs OCR/MinerU/AI fallback,0,0,0,,,
8219972,,,,8219972.pdf,2023,True,https://disclosures-clerk.house.gov/public_disc/ptr-pdfs/2023/8219972.pdf,high,scanned/image PDF or no embedded text; needs OCR/MinerU/AI fallback,0,0,0,,,
8219992,,,,8219992.pdf,2023,True,https://disclosures-clerk.house.gov/public_disc/ptr-pdfs/2023/8219992.pdf,high,scanned/image PDF or no embedded text; needs OCR/MinerU/AI fallback,0,0,0,,,
8220010,,,,8220010.pdf,2023,True,https://disclosures-clerk.house.gov/public_disc/ptr-pdfs/2023/8220010.pdf,high,scanned/image PDF or no embedded text; needs OCR/MinerU/AI fallback,0,0,0,,,
8220023,,,,8220023.pdf,2023,True,https://disclosures-clerk.house.gov/public_disc/ptr-pdfs/2023/8220023.pdf,high,scanned/image PDF or no embedded text; needs OCR/MinerU/AI fallback,0,0,0,,,
8220037,,,,8220037.pdf,2023,True,https://disclosures-clerk.house.gov/public_disc/ptr-pdfs/2023/8220037.pdf,high,scanned/image PDF or no embedded text; needs OCR/MinerU/AI fallback,0,0,0,,,
8220039,,,,8220039.pdf,2023,True,https://disclosures-clerk.house.gov/public_disc/ptr-pdfs/2023/8220039.pdf,high,scanned/image PDF or no embedded text; needs OCR/MinerU/AI fallback,0,0,0,,,
8220046,,,,8220046.pdf,2023,True,https://disclosures-clerk.house.gov/public_disc/ptr-pdfs/2023/8220046.pdf,high,scanned/image PDF or no embedded text; needs OCR/MinerU/AI fallback,0,0,0,,,
8220049,,,,8220049.pdf,2023,True,https://disclosures-clerk.house.gov/public_disc/ptr-pdfs/2023/8220049.pdf,high,scanned/image PDF or no embedded text; needs OCR/MinerU/AI fallback,0,0,0,,,
8220051,,,,8220051.pdf,2023,True,https://disclosures-clerk.house.gov/public_disc/ptr-pdfs/2023/8220051.pdf,high,scanned/image PDF or no embedded text; needs OCR/MinerU/AI fallback,0,0,0,,,
8220060,,,,8220060.pdf,2023,True,https://disclosures-clerk.house.gov/public_disc/ptr-pdfs/2023/8220060.pdf,high,scanned/image PDF or no embedded text; needs OCR/MinerU/AI fallback,0,0,0,,,
8220067,,,,8220067.pdf,2023,True,https://disclosures-clerk.house.gov/public_disc/ptr-pdfs/2023/8220067.pdf,high,scanned/image PDF or no embedded text; needs OCR/MinerU/AI fallback,0,0,0,,,
8220068,,,,8220068.pdf,2023,True,https://disclosures-clerk.house.gov/public_disc/ptr-pdfs/2023/8220068.pdf,high,scanned/image PDF or no embedded text; needs OCR/MinerU/AI fallback,0,0,0,,,
8220074,,,,8220074.pdf,2023,True,https://disclosures-clerk.house.gov/public_disc/ptr-pdfs/2023/8220074.pdf,high,scanned/image PDF or no embedded text; needs OCR/MinerU/AI fallback,0,0,0,,,
8220078,,,,8220078.pdf,2023,True,https://disclosures-clerk.house.gov/public_disc/ptr-pdfs/2023/8220078.pdf,high,scanned/image PDF or no embedded text; needs OCR/MinerU/AI fallback,0,0,0,,,
8220079,,,,8220079.pdf,2023,True,https://disclosures-clerk.house.gov/public_disc/ptr-pdfs/2023/8220079.pdf,high,scanned/image PDF or no embedded text; needs OCR/MinerU/AI fallback,0,0,0,,,
8220092,,,,8220092.pdf,2023,True,https://disclosures-clerk.house.gov/public_disc/ptr-pdfs/2023/8220092.pdf,high,scanned/image PDF or no embedded text; needs OCR/MinerU/AI fallback,0,0,0,,,
8220100,,,,8220100.pdf,2023,True,https://disclosures-clerk.house.gov/public_disc/ptr-pdfs/2023/8220100.pdf,high,scanned/image PDF or no embedded text; needs OCR/MinerU/AI fallback,0,0,0,,,
8220106,,,,8220106.pdf,2023,True,https://disclosures-clerk.house.gov/public_disc/ptr-pdfs/2023/8220106.pdf,high,scanned/image PDF or no embedded text; needs OCR/MinerU/AI fallback,0,0,0,,,
8220118,,,,8220118.pdf,2024,True,https://disclosures-clerk.house.gov/public_disc/ptr-pdfs/2024/8220118.pdf,high,scanned/image PDF or no embedded text; needs OCR/MinerU/AI fallback,0,0,0,,,
8220119,,,,8220119.pdf,2024,True,https://disclosures-clerk.house.gov/public_disc/ptr-pdfs/2024/8220119.pdf,high,scanned/image PDF or no embedded text; needs OCR/MinerU/AI fallback,0,0,0,,,
8220127,,,,8220127.pdf,2024,True,https://disclosures-clerk.house.gov/public_disc/ptr-pdfs/2024/8220127.pdf,high,scanned/image PDF or no embedded text; needs OCR/MinerU/AI fallback,0,0,0,,,
8220147,,,,8220147.pdf,2024,True,https://disclosures-clerk.house.gov/public_disc/ptr-pdfs/2024/8220147.pdf,high,scanned/image PDF or no embedded text; needs OCR/MinerU/AI fallback,0,0,0,,,
8220155,,,,8220155.pdf,2024,True,https://disclosures-clerk.house.gov/public_disc/ptr-pdfs/2024/8220155.pdf,high,scanned/image PDF or no embedded text; needs OCR/MinerU/AI fallback,0,0,0,,,
8220162,,,,8220162.pdf,2024,True,https://disclosures-clerk.house.gov/public_disc/ptr-pdfs/2024/8220162.pdf,high,scanned/image PDF or no embedded text; needs OCR/MinerU/AI fallback,0,0,0,,,
8220173,,,,8220173.pdf,2024,True,https://disclosures-clerk.house.gov/public_disc/ptr-pdfs/2024/8220173.pdf,high,scanned/image PDF or no embedded text; needs OCR/MinerU/AI fallback,0,0,0,,,
8220176,,,,8220176.pdf,2024,True,https://disclosures-clerk.house.gov/public_disc/ptr-pdfs/2024/8220176.pdf,high,scanned/image PDF or no embedded text; needs OCR/MinerU/AI fallback,0,0,0,,,
8220177,,,,8220177.pdf,2024,True,https://disclosures-clerk.house.gov/public_disc/ptr-pdfs/2024/8220177.pdf,high,scanned/image PDF or no embedded text; needs OCR/MinerU/AI fallback,0,0,0,,,
8220188,,,,8220188.pdf,2024,True,https://disclosures-clerk.house.gov/public_disc/ptr-pdfs/2024/8220188.pdf,high,scanned/image PDF or no embedded text; needs OCR/MinerU/AI fallback,0,0,0,,,
8220192,,,,8220192.pdf,2024,True,https://disclosures-clerk.house.gov/public_disc/ptr-pdfs/2024/8220192.pdf,high,scanned/image PDF or no embedded text; needs OCR/MinerU/AI fallback,0,0,0,,,
8220203,,,,8220203.pdf,2024,True,https://disclosures-clerk.house.gov/public_disc/ptr-pdfs/2024/8220203.pdf,high,scanned/image PDF or no embedded text; needs OCR/MinerU/AI fallback,0,0,0,,,
8220205,,,,8220205.pdf,2024,True,https://disclosures-clerk.house.gov/public_disc/ptr-pdfs/2024/8220205.pdf,high,scanned/image PDF or no embedded text; needs OCR/MinerU/AI fallback,0,0,0,,,
8220214,,,,8220214.pdf,2024,True,https://disclosures-clerk.house.gov/public_disc/ptr-pdfs/2024/8220214.pdf,high,scanned/image PDF or no embedded text; needs OCR/MinerU/AI fallback,0,0,0,,,
8220252,,,,8220252.pdf,2024,True,https://disclosures-clerk.house.gov/public_disc/ptr-pdfs/2024/8220252.pdf,high,scanned/image PDF or no embedded text; needs OCR/MinerU/AI fallback,0,0,0,,,
8220271,,,,8220271.pdf,2024,True,https://disclosures-clerk.house.gov/public_disc/ptr-pdfs/2024/8220271.pdf,high,scanned/image PDF or no embedded text; needs OCR/MinerU/AI fallback,0,0,0,,,
8220312,,,,8220312.pdf,2024,True,https://disclosures-clerk.house.gov/public_disc/ptr-pdfs/2024/8220312.pdf,high,scanned/image PDF or no embedded text; needs OCR/MinerU/AI fallback,0,0,0,,,
8220317,,,,8220317.pdf,2024,True,https://disclosures-clerk.house.gov/public_disc/ptr-pdfs/2024/8220317.pdf,high,scanned/image PDF or no embedded text; needs OCR/MinerU/AI fallback,0,0,0,,,
8220320,,,,8220320.pdf,2024,True,https://disclosures-clerk.house.gov/public_disc/ptr-pdfs/2024/8220320.pdf,high,scanned/image PDF or no embedded text; needs OCR/MinerU/AI fallback,0,0,0,,,
8220431,,,,8220431.pdf,2024,True,https://disclosures-clerk.house.gov/public_disc/ptr-pdfs/2024/8220431.pdf,high,scanned/image PDF or no embedded text; needs OCR/MinerU/AI fallback,0,0,0,,,
8220451,,,,8220451.pdf,2024,True,https://disclosures-clerk.house.gov/public_disc/ptr-pdfs/2024/8220451.pdf,high,scanned/image PDF or no embedded text; needs OCR/MinerU/AI fallback,0,0,0,,,
8220508,,,,8220508.pdf,2024,True,https://disclosures-clerk.house.gov/public_disc/ptr-pdfs/2024/8220508.pdf,high,scanned/image PDF or no embedded text; needs OCR/MinerU/AI fallback,0,0,0,,,
8220516,,,,8220516.pdf,2024,True,https://disclosures-clerk.house.gov/public_disc/ptr-pdfs/2024/8220516.pdf,high,scanned/image PDF or no embedded text; needs OCR/MinerU/AI fallback,0,0,0,,,
8220529,,,,8220529.pdf,2024,True,https://disclosures-clerk.house.gov/public_disc/ptr-pdfs/2024/8220529.pdf,high,scanned/image PDF or no embedded text; needs OCR/MinerU/AI fallback,0,0,0,,,
8220534,,,,8220534.pdf,2024,True,https://disclosures-clerk.house.gov/public_disc/ptr-pdfs/2024/8220534.pdf,high,scanned/image PDF or no embedded text; needs OCR/MinerU/AI fallback,0,0,0,,,
8220536,,,,8220536.pdf,2024,True,https://disclosures-clerk.house.gov/public_disc/ptr-pdfs/2024/8220536.pdf,high,scanned/image PDF or no embedded text; needs OCR/MinerU/AI fallback,0,0,0,,,
8220551,,,,8220551.pdf,2024,True,https://disclosures-clerk.house.gov/public_disc/ptr-pdfs/2024/8220551.pdf,high,scanned/image PDF or no embedded text; needs OCR/MinerU/AI fallback,0,0,0,,,
8220567,,,,8220567.pdf,2024,True,https://disclosures-clerk.house.gov/public_disc/ptr-pdfs/2024/8220567.pdf,high,scanned/image PDF or no embedded text; needs OCR/MinerU/AI fallback,0,0,0,,,
8220570,,,,8220570.pdf,2024,True,https://disclosures-clerk.house.gov/public_disc/ptr-pdfs/2024/8220570.pdf,high,scanned/image PDF or no embedded text; needs OCR/MinerU/AI fallback,0,0,0,,,
8220589,,,,8220589.pdf,2024,True,https://disclosures-clerk.house.gov/public_disc/ptr-pdfs/2024/8220589.pdf,high,scanned/image PDF or no embedded text; needs OCR/MinerU/AI fallback,0,0,0,,,
8220615,,,,8220615.pdf,2024,True,https://disclosures-clerk.house.gov/public_disc/ptr-pdfs/2024/8220615.pdf,high,scanned/image PDF or no embedded text; needs OCR/MinerU/AI fallback,0,0,0,,,
8220617,,,,8220617.pdf,2024,True,https://disclosures-clerk.house.gov/public_disc/ptr-pdfs/2024/8220617.pdf,high,scanned/image PDF or no embedded text; needs OCR/MinerU/AI fallback,0,0,0,,,
8220626,,,,8220626.pdf,2024,True,https://disclosures-clerk.house.gov/public_disc/ptr-pdfs/2024/8220626.pdf,high,scanned/image PDF or no embedded text; needs OCR/MinerU/AI fallback,0,0,0,,,
8220628,,,,8220628.pdf,2024,True,https://disclosures-clerk.house.gov/public_disc/ptr-pdfs/2024/8220628.pdf,high,scanned/image PDF or no embedded text; needs OCR/MinerU/AI fallback,0,0,0,,,
8220643,,,,8220643.pdf,2024,True,https://disclosures-clerk.house.gov/public_disc/ptr-pdfs/2024/8220643.pdf,high,scanned/image PDF or no embedded text; needs OCR/MinerU/AI fallback,0,0,0,,,
8220660,,,,8220660.pdf,2024,True,https://disclosures-clerk.house.gov/public_disc/ptr-pdfs/2024/8220660.pdf,high,scanned/image PDF or no embedded text; needs OCR/MinerU/AI fallback,0,0,0,,,
8220661,,,,8220661.pdf,2024,True,https://disclosures-clerk.house.gov/public_disc/ptr-pdfs/2024/8220661.pdf,high,scanned/image PDF or no embedded text; needs OCR/MinerU/AI fallback,0,0,0,,,
8220665,,,,8220665.pdf,2024,True,https://disclosures-clerk.house.gov/public_disc/ptr-pdfs/2024/8220665.pdf,high,scanned/image PDF or no embedded text; needs OCR/MinerU/AI fallback,0,0,0,,,
8220672,,,,8220672.pdf,2024,True,https://disclosures-clerk.house.gov/public_disc/ptr-pdfs/2024/8220672.pdf,high,scanned/image PDF or no embedded text; needs OCR/MinerU/AI fallback,0,0,0,,,
8220674,,,,8220674.pdf,2024,True,https://disclosures-clerk.house.gov/public_disc/ptr-pdfs/2024/8220674.pdf,high,scanned/image PDF or no embedded text; needs OCR/MinerU/AI fallback,0,0,0,,,
8220682,,,,8220682.pdf,2024,True,https://disclosures-clerk.house.gov/public_disc/ptr-pdfs/2024/8220682.pdf,high,scanned/image PDF or no embedded text; needs OCR/MinerU/AI fallback,0,0,0,,,
8220683,,,,8220683.pdf,2024,True,https://disclosures-clerk.house.gov/public_disc/ptr-pdfs/2024/8220683.pdf,high,scanned/image PDF or no embedded text; needs OCR/MinerU/AI fallback,0,0,0,,,
8220685,,,,8220685.pdf,2024,True,https://disclosures-clerk.house.gov/public_disc/ptr-pdfs/2024/8220685.pdf,high,scanned/image PDF or no embedded text; needs OCR/MinerU/AI fallback,0,0,0,,,
8220691,,,,8220691.pdf,2024,True,https://disclosures-clerk.house.gov/public_disc/ptr-pdfs/2024/8220691.pdf,high,scanned/image PDF or no embedded text; needs OCR/MinerU/AI fallback,0,0,0,,,
8220692,,,,8220692.pdf,2024,True,https://disclosures-clerk.house.gov/public_disc/ptr-pdfs/2024/8220692.pdf,high,scanned/image PDF or no embedded text; needs OCR/MinerU/AI fallback,0,0,0,,,
8220695,,,,8220695.pdf,2024,True,https://disclosures-clerk.house.gov/public_disc/ptr-pdfs/2024/8220695.pdf,high,scanned/image PDF or no embedded text; needs OCR/MinerU/AI fallback,0,0,0,,,
8220698,,,,8220698.pdf,2024,True,https://disclosures-clerk.house.gov/public_disc/ptr-pdfs/2024/8220698.pdf,high,scanned/image PDF or no embedded text; needs OCR/MinerU/AI fallback,0,0,0,,,
8220706,,,,8220706.pdf,2024,True,https://disclosures-clerk.house.gov/public_disc/ptr-pdfs/2024/8220706.pdf,high,scanned/image PDF or no embedded text; needs OCR/MinerU/AI fallback,0,0,0,,,
8220710,,,,8220710.pdf,2024,True,https://disclosures-clerk.house.gov/public_disc/ptr-pdfs/2024/8220710.pdf,high,scanned/image PDF or no embedded text; needs OCR/MinerU/AI fallback,0,0,0,,,
8220711,,,,8220711.pdf,2024,True,https://disclosures-clerk.house.gov/public_disc/ptr-pdfs/2024/8220711.pdf,high,scanned/image PDF or no embedded text; needs OCR/MinerU/AI fallback,0,0,0,,,
8220714,,,,8220714.pdf,2024,True,https://disclosures-clerk.house.gov/public_disc/ptr-pdfs/2024/8220714.pdf,high,scanned/image PDF or no embedded text; needs OCR/MinerU/AI fallback,0,0,0,,,
8220716,,,,8220716.pdf,2024,True,https://disclosures-clerk.house.gov/public_disc/ptr-pdfs/2024/8220716.pdf,high,scanned/image PDF or no embedded text; needs OCR/MinerU/AI fallback,0,0,0,,,
8220717,,,,8220717.pdf,2024,True,https://disclosures-clerk.house.gov/public_disc/ptr-pdfs/2024/8220717.pdf,high,scanned/image PDF or no embedded text; needs OCR/MinerU/AI fallback,0,0,0,,,
8220718,,,,8220718.pdf,2024,True,https://disclosures-clerk.house.gov/public_disc/ptr-pdfs/2024/8220718.pdf,high,scanned/image PDF or no embedded text; needs OCR/MinerU/AI fallback,0,0,0,,,
8220723,,,,8220723.pdf,2024,True,https://disclosures-clerk.house.gov/public_disc/ptr-pdfs/2024/8220723.pdf,high,scanned/image PDF or no embedded text; needs OCR/MinerU/AI fallback,0,0,0,,,
8220763,,,,8220763.pdf,2024,True,https://disclosures-clerk.house.gov/public_disc/ptr-pdfs/2024/8220763.pdf,high,scanned/image PDF or no embedded text; needs OCR/MinerU/AI fallback,0,0,0,,,
8221334,,,,8221334.pdf,2024,True,https://disclosures-clerk.house.gov/public_disc/ptr-pdfs/2024/8221334.pdf,high,scanned/image PDF or no embedded text; needs OCR/MinerU/AI fallback,0,0,0,,,
8220731,,,,8220731.pdf,2025,True,https://disclosures-clerk.house.gov/public_disc/ptr-pdfs/2025/8220731.pdf,high,scanned/image PDF or no embedded text; needs OCR/MinerU/AI fallback,0,0,0,,,
8220747,,,,8220747.pdf,2025,True,https://disclosures-clerk.house.gov/public_disc/ptr-pdfs/2025/8220747.pdf,high,scanned/image PDF or no embedded text; needs OCR/MinerU/AI fallback,0,0,0,,,
8220750,,,,8220750.pdf,2025,True,https://disclosures-clerk.house.gov/public_disc/ptr-pdfs/2025/8220750.pdf,high,scanned/image PDF or no embedded text; needs OCR/MinerU/AI fallback,0,0,0,,,
8220753,,,,8220753.pdf,2025,True,https://disclosures-clerk.house.gov/public_disc/ptr-pdfs/2025/8220753.pdf,high,scanned/image PDF or no embedded text; needs OCR/MinerU/AI fallback,0,0,0,,,
8220754,,,,8220754.pdf,2025,True,https://disclosures-clerk.house.gov/public_disc/ptr-pdfs/2025/8220754.pdf,high,scanned/image PDF or no embedded text; needs OCR/MinerU/AI fallback,0,0,0,,,
8220755,,,,8220755.pdf,2025,True,https://disclosures-clerk.house.gov/public_disc/ptr-pdfs/2025/8220755.pdf,high,scanned/image PDF or no embedded text; needs OCR/MinerU/AI fallback,0,0,0,,,
8220757,,,,8220757.pdf,2025,True,https://disclosures-clerk.house.gov/public_disc/ptr-pdfs/2025/8220757.pdf,high,scanned/image PDF or no embedded text; needs OCR/MinerU/AI fallback,0,0,0,,,
8220764,,,,8220764.pdf,2025,True,https://disclosures-clerk.house.gov/public_disc/ptr-pdfs/2025/8220764.pdf,high,scanned/image PDF or no embedded text; needs OCR/MinerU/AI fallback,0,0,0,,,
8220765,,,,8220765.pdf,2025,True,https://disclosures-clerk.house.gov/public_disc/ptr-pdfs/2025/8220765.pdf,high,scanned/image PDF or no embedded text; needs OCR/MinerU/AI fallback,0,0,0,,,
8220768,,,,8220768.pdf,2025,True,https://disclosures-clerk.house.gov/public_disc/ptr-pdfs/2025/8220768.pdf,high,scanned/image PDF or no embedded text; needs OCR/MinerU/AI fallback,0,0,0,,,
8220770,,,,8220770.pdf,2025,True,https://disclosures-clerk.house.gov/public_disc/ptr-pdfs/2025/8220770.pdf,high,scanned/image PDF or no embedded text; needs OCR/MinerU/AI fallback,0,0,0,,,
8220780,,,,8220780.pdf,2025,True,https://disclosures-clerk.house.gov/public_disc/ptr-pdfs/2025/8220780.pdf,high,scanned/image PDF or no embedded text; needs OCR/MinerU/AI fallback,0,0,0,,,
8220782,,,,8220782.pdf,2025,True,https://disclosures-clerk.house.gov/public_disc/ptr-pdfs/2025/8220782.pdf,high,scanned/image PDF or no embedded text; needs OCR/MinerU/AI fallback,0,0,0,,,
8220783,,,,8220783.pdf,2025,True,https://disclosures-clerk.house.gov/public_disc/ptr-pdfs/2025/8220783.pdf,high,scanned/image PDF or no embedded text; needs OCR/MinerU/AI fallback,0,0,0,,,
8220796,,,,8220796.pdf,2025,True,https://disclosures-clerk.house.gov/public_disc/ptr-pdfs/2025/8220796.pdf,high,scanned/image PDF or no embedded text; needs OCR/MinerU/AI fallback,0,0,0,,,
8220799,,,,8220799.pdf,2025,True,https://disclosures-clerk.house.gov/public_disc/ptr-pdfs/2025/8220799.pdf,high,scanned/image PDF or no embedded text; needs OCR/MinerU/AI fallback,0,0,0,,,
8220809,,,,8220809.pdf,2025,True,https://disclosures-clerk.house.gov/public_disc/ptr-pdfs/2025/8220809.pdf,high,scanned/image PDF or no embedded text; needs OCR/MinerU/AI fallback,0,0,0,,,
8220824,,,,8220824.pdf,2025,True,https://disclosures-clerk.house.gov/public_disc/ptr-pdfs/2025/8220824.pdf,high,scanned/image PDF or no embedded text; needs OCR/MinerU/AI fallback,0,0,0,,,
8220827,,,,8220827.pdf,2025,True,https://disclosures-clerk.house.gov/public_disc/ptr-pdfs/2025/8220827.pdf,high,scanned/image PDF or no embedded text; needs OCR/MinerU/AI fallback,0,0,0,,,
8220828,,,,8220828.pdf,2025,True,https://disclosures-clerk.house.gov/public_disc/ptr-pdfs/2025/8220828.pdf,high,scanned/image PDF or no embedded text; needs OCR/MinerU/AI fallback,0,0,0,,,
8220834,,,,8220834.pdf,2025,True,https://disclosures-clerk.house.gov/public_disc/ptr-pdfs/2025/8220834.pdf,high,scanned/image PDF or no embedded text; needs OCR/MinerU/AI fallback,0,0,0,,,
8220836,,,,8220836.pdf,2025,True,https://disclosures-clerk.house.gov/public_disc/ptr-pdfs/2025/8220836.pdf,high,scanned/image PDF or no embedded text; needs OCR/MinerU/AI fallback,0,0,0,,,
8220844,,,,8220844.pdf,2025,True,https://disclosures-clerk.house.gov/public_disc/ptr-pdfs/2025/8220844.pdf,high,scanned/image PDF or no embedded text; needs OCR/MinerU/AI fallback,0,0,0,,,
8220845,,,,8220845.pdf,2025,True,https://disclosures-clerk.house.gov/public_disc/ptr-pdfs/2025/8220845.pdf,high,scanned/image PDF or no embedded text; needs OCR/MinerU/AI fallback,0,0,0,,,
8220902,,,,8220902.pdf,2025,True,https://disclosures-clerk.house.gov/public_disc/ptr-pdfs/2025/8220902.pdf,high,scanned/image PDF or no embedded text; needs OCR/MinerU/AI fallback,0,0,0,,,
8220903,,,,8220903.pdf,2025,True,https://disclosures-clerk.house.gov/public_disc/ptr-pdfs/2025/8220903.pdf,high,scanned/image PDF or no embedded text; needs OCR/MinerU/AI fallback,0,0,0,,,
8220904,,,,8220904.pdf,2025,True,https://disclosures-clerk.house.gov/public_disc/ptr-pdfs/2025/8220904.pdf,high,scanned/image PDF or no embedded text; needs OCR/MinerU/AI fallback,0,0,0,,,
8220906,,,,8220906.pdf,2025,True,https://disclosures-clerk.house.gov/public_disc/ptr-pdfs/2025/8220906.pdf,high,scanned/image PDF or no embedded text; needs OCR/MinerU/AI fallback,0,0,0,,,
8220958,,,,8220958.pdf,2025,True,https://disclosures-clerk.house.gov/public_disc/ptr-pdfs/2025/8220958.pdf,high,scanned/image PDF or no embedded text; needs OCR/MinerU/AI fallback,0,0,0,,,
8221120,,,,8221120.pdf,2025,True,https://disclosures-clerk.house.gov/public_disc/ptr-pdfs/2025/8221120.pdf,high,scanned/image PDF or no embedded text; needs OCR/MinerU/AI fallback,0,0,0,,,
8221123,,,,8221123.pdf,2025,True,https://disclosures-clerk.house.gov/public_disc/ptr-pdfs/2025/8221123.pdf,high,scanned/image PDF or no embedded text; needs OCR/MinerU/AI fallback,0,0,0,,,
8221124,,,,8221124.pdf,2025,True,https://disclosures-clerk.house.gov/public_disc/ptr-pdfs/2025/8221124.pdf,high,scanned/image PDF or no embedded text; needs OCR/MinerU/AI fallback,0,0,0,,,
8221173,,,,8221173.pdf,2025,True,https://disclosures-clerk.house.gov/public_disc/ptr-pdfs/2025/8221173.pdf,high,scanned/image PDF or no embedded text; needs OCR/MinerU/AI fallback,0,0,0,,,
8221176,,,,8221176.pdf,2025,True,https://disclosures-clerk.house.gov/public_disc/ptr-pdfs/2025/8221176.pdf,high,scanned/image PDF or no embedded text; needs OCR/MinerU/AI fallback,0,0,0,,,
8221177,,,,8221177.pdf,2025,True,https://disclosures-clerk.house.gov/public_disc/ptr-pdfs/2025/8221177.pdf,high,scanned/image PDF or no embedded text; needs OCR/MinerU/AI fallback,0,0,0,,,
8221212,,,,8221212.pdf,2025,True,https://disclosures-clerk.house.gov/public_disc/ptr-pdfs/2025/8221212.pdf,high,scanned/image PDF or no embedded text; needs OCR/MinerU/AI fallback,0,0,0,,,
8221223,,,,8221223.pdf,2025,True,https://disclosures-clerk.house.gov/public_disc/ptr-pdfs/2025/8221223.pdf,high,scanned/image PDF or no embedded text; needs OCR/MinerU/AI fallback,0,0,0,,,
8221228,,,,8221228.pdf,2025,True,https://disclosures-clerk.house.gov/public_disc/ptr-pdfs/2025/8221228.pdf,high,scanned/image PDF or no embedded text; needs OCR/MinerU/AI fallback,0,0,0,,,
8221231,,,,8221231.pdf,2025,True,https://disclosures-clerk.house.gov/public_disc/ptr-pdfs/2025/8221231.pdf,high,scanned/image PDF or no embedded text; needs OCR/MinerU/AI fallback,0,0,0,,,
8221233,,,,8221233.pdf,2025,True,https://disclosures-clerk.house.gov/public_disc/ptr-pdfs/2025/8221233.pdf,high,scanned/image PDF or no embedded text; needs OCR/MinerU/AI fallback,0,0,0,,,
8221237,,,,8221237.pdf,2025,True,https://disclosures-clerk.house.gov/public_disc/ptr-pdfs/2025/8221237.pdf,high,scanned/image PDF or no embedded text; needs OCR/MinerU/AI fallback,0,0,0,,,
8221238,,,,8221238.pdf,2025,True,https://disclosures-clerk.house.gov/public_disc/ptr-pdfs/2025/8221238.pdf,high,scanned/image PDF or no embedded text; needs OCR/MinerU/AI fallback,0,0,0,,,
8221263,,,,8221263.pdf,2025,True,https://disclosures-clerk.house.gov/public_disc/ptr-pdfs/2025/8221263.pdf,high,scanned/image PDF or no embedded text; needs OCR/MinerU/AI fallback,0,0,0,,,
8221264,,,,8221264.pdf,2025,True,https://disclosures-clerk.house.gov/public_disc/ptr-pdfs/2025/8221264.pdf,high,scanned/image PDF or no embedded text; needs OCR/MinerU/AI fallback,0,0,0,,,
8221270,,,,8221270.pdf,2025,True,https://disclosures-clerk.house.gov/public_disc/ptr-pdfs/2025/8221270.pdf,high,scanned/image PDF or no embedded text; needs OCR/MinerU/AI fallback,0,0,0,,,
8221276,,,,8221276.pdf,2025,True,https://disclosures-clerk.house.gov/public_disc/ptr-pdfs/2025/8221276.pdf,high,scanned/image PDF or no embedded text; needs OCR/MinerU/AI fallback,0,0,0,,,
8221285,,,,8221285.pdf,2025,True,https://disclosures-clerk.house.gov/public_disc/ptr-pdfs/2025/8221285.pdf,high,scanned/image PDF or no embedded text; needs OCR/MinerU/AI fallback,0,0,0,,,
8221287,,,,8221287.pdf,2025,True,https://disclosures-clerk.house.gov/public_disc/ptr-pdfs/2025/8221287.pdf,high,scanned/image PDF or no embedded text; needs OCR/MinerU/AI fallback,0,0,0,,,
8221297,,,,8221297.pdf,2025,True,https://disclosures-clerk.house.gov/public_disc/ptr-pdfs/2025/8221297.pdf,high,scanned/image PDF or no embedded text; needs OCR/MinerU/AI fallback,0,0,0,,,
8221302,,,,8221302.pdf,2025,True,https://disclosures-clerk.house.gov/public_disc/ptr-pdfs/2025/8221302.pdf,high,scanned/image PDF or no embedded text; needs OCR/MinerU/AI fallback,0,0,0,,,
8221310,,,,8221310.pdf,2025,True,https://disclosures-clerk.house.gov/public_disc/ptr-pdfs/2025/8221310.pdf,high,scanned/image PDF or no embedded text; needs OCR/MinerU/AI fallback,0,0,0,,,
9115546,,,,9115546.pdf,2025,True,https://disclosures-clerk.house.gov/public_disc/ptr-pdfs/2025/9115546.pdf,high,scanned/image PDF or no embedded text; needs OCR/MinerU/AI fallback,0,0,0,,,
9115549,,,,9115549.pdf,2025,True,https://disclosures-clerk.house.gov/public_disc/ptr-pdfs/2025/9115549.pdf,high,scanned/image PDF or no embedded text; needs OCR/MinerU/AI fallback,0,0,0,,,
9115623,,,,9115623.pdf,2025,True,https://disclosures-clerk.house.gov/public_disc/ptr-pdfs/2025/9115623.pdf,high,scanned/image PDF or no embedded text; needs OCR/MinerU/AI fallback,0,0,0,,,
9115635,,,,9115635.pdf,2025,True,https://disclosures-clerk.house.gov/public_disc/ptr-pdfs/2025/9115635.pdf,high,scanned/image PDF or no embedded text; needs OCR/MinerU/AI fallback,0,0,0,,,
9115662,,,,9115662.pdf,2025,True,https://disclosures-clerk.house.gov/public_disc/ptr-pdfs/2025/9115662.pdf,high,scanned/image PDF or no embedded text; needs OCR/MinerU/AI fallback,0,0,0,,,
9115664,,,,9115664.pdf,2025,True,https://disclosures-clerk.house.gov/public_disc/ptr-pdfs/2025/9115664.pdf,high,scanned/image PDF or no embedded text; needs OCR/MinerU/AI fallback,0,0,0,,,
9115665,,,,9115665.pdf,2025,True,https://disclosures-clerk.house.gov/public_disc/ptr-pdfs/2025/9115665.pdf,high,scanned/image PDF or no embedded text; needs OCR/MinerU/AI fallback,0,0,0,,,
9115670,,,,9115670.pdf,2025,True,https://disclosures-clerk.house.gov/public_disc/ptr-pdfs/2025/9115670.pdf,high,scanned/image PDF or no embedded text; needs OCR/MinerU/AI fallback,0,0,0,,,
9115671,,,,9115671.pdf,2025,True,https://disclosures-clerk.house.gov/public_disc/ptr-pdfs/2025/9115671.pdf,high,scanned/image PDF or no embedded text; needs OCR/MinerU/AI fallback,0,0,0,,,
9115676,,,,9115676.pdf,2025,True,https://disclosures-clerk.house.gov/public_disc/ptr-pdfs/2025/9115676.pdf,high,scanned/image PDF or no embedded text; needs OCR/MinerU/AI fallback,0,0,0,,,
9115677,,,,9115677.pdf,2025,True,https://disclosures-clerk.house.gov/public_disc/ptr-pdfs/2025/9115677.pdf,high,scanned/image PDF or no embedded text; needs OCR/MinerU/AI fallback,0,0,0,,,
9115679,,,,9115679.pdf,2025,True,https://disclosures-clerk.house.gov/public_disc/ptr-pdfs/2025/9115679.pdf,high,scanned/image PDF or no embedded text; needs OCR/MinerU/AI fallback,0,0,0,,,
9115684,,,,9115684.pdf,2025,True,https://disclosures-clerk.house.gov/public_disc/ptr-pdfs/2025/9115684.pdf,high,scanned/image PDF or no embedded text; needs OCR/MinerU/AI fallback,0,0,0,,,
9115686,,,,9115686.pdf,2025,True,https://disclosures-clerk.house.gov/public_disc/ptr-pdfs/2025/9115686.pdf,high,scanned/image PDF or no embedded text; needs OCR/MinerU/AI fallback,0,0,0,,,
9115689,,,,9115689.pdf,2025,True,https://disclosures-clerk.house.gov/public_disc/ptr-pdfs/2025/9115689.pdf,high,scanned/image PDF or no embedded text; needs OCR/MinerU/AI fallback,0,0,0,,,
8221321,,,,8221321.pdf,2026,True,https://disclosures-clerk.house.gov/public_disc/ptr-pdfs/2026/8221321.pdf,high,scanned/image PDF or no embedded text; needs OCR/MinerU/AI fallback,0,0,0,,,
8221322,,,,8221322.pdf,2026,True,https://disclosures-clerk.house.gov/public_disc/ptr-pdfs/2026/8221322.pdf,high,scanned/image PDF or no embedded text; needs OCR/MinerU/AI fallback,0,0,0,,,
8221326,,,,8221326.pdf,2026,True,https://disclosures-clerk.house.gov/public_disc/ptr-pdfs/2026/8221326.pdf,high,scanned/image PDF or no embedded text; needs OCR/MinerU/AI fallback,0,0,0,,,
8221332,,,,8221332.pdf,2026,True,https://disclosures-clerk.house.gov/public_disc/ptr-pdfs/2026/8221332.pdf,high,scanned/image PDF or no embedded text; needs OCR/MinerU/AI fallback,0,0,0,,,
8221358,,,,8221358.pdf,2026,True,https://disclosures-clerk.house.gov/public_disc/ptr-pdfs/2026/8221358.pdf,high,scanned/image PDF or no embedded text; needs OCR/MinerU/AI fallback,0,0,0,,,
8221359,,,,8221359.pdf,2026,True,https://disclosures-clerk.house.gov/public_disc/ptr-pdfs/2026/8221359.pdf,high,scanned/image PDF or no embedded text; needs OCR/MinerU/AI fallback,0,0,0,,,
8221360,,,,8221360.pdf,2026,True,https://disclosures-clerk.house.gov/public_disc/ptr-pdfs/2026/8221360.pdf,high,scanned/image PDF or no embedded text; needs OCR/MinerU/AI fallback,0,0,0,,,
9115704,,,,9115704.pdf,2026,True,https://disclosures-clerk.house.gov/public_disc/ptr-pdfs/2026/9115704.pdf,high,scanned/image PDF or no embedded text; needs OCR/MinerU/AI fallback,0,0,0,,,
9115711,,,,9115711.pdf,2026,True,https://disclosures-clerk.house.gov/public_disc/ptr-pdfs/2026/9115711.pdf,high,scanned/image PDF or no embedded text; needs OCR/MinerU/AI fallback,0,0,0,,,
9115726,,,,9115726.pdf,2026,True,https://disclosures-clerk.house.gov/public_disc/ptr-pdfs/2026/9115726.pdf,high,scanned/image PDF or no embedded text; needs OCR/MinerU/AI fallback,0,0,0,,,
9115728,,,,9115728.pdf,2026,True,https://disclosures-clerk.house.gov/public_disc/ptr-pdfs/2026/9115728.pdf,high,scanned/image PDF or no embedded text; needs OCR/MinerU/AI fallback,0,0,0,,,
9115762,,,,9115762.pdf,2026,True,https://disclosures-clerk.house.gov/public_disc/ptr-pdfs/2026/9115762.pdf,high,scanned/image PDF or no embedded text; needs OCR/MinerU/AI fallback,0,0,0,,,
9115808,,,,9115808.pdf,2026,True,https://disclosures-clerk.house.gov/public_disc/ptr-pdfs/2026/9115808.pdf,high,scanned/image PDF or no embedded text; needs OCR/MinerU/AI fallback,0,0,0,,,
9115809,,,,9115809.pdf,2026,True,https://disclosures-clerk.house.gov/public_disc/ptr-pdfs/2026/9115809.pdf,high,scanned/image PDF or no embedded text; needs OCR/MinerU/AI fallback,0,0,0,,,
9115811,,,,9115811.pdf,2026,True,https://disclosures-clerk.house.gov/public_disc/ptr-pdfs/2026/9115811.pdf,high,scanned/image PDF or no embedded text; needs OCR/MinerU/AI fallback,0,0,0,,,
9115812,,,,9115812.pdf,2026,True,https://disclosures-clerk.house.gov/public_disc/ptr-pdfs/2026/9115812.pdf,high,scanned/image PDF or no embedded text; needs OCR/MinerU/AI fallback,0,0,0,,,
9115813,,,,9115813.pdf,2026,True,https://disclosures-clerk.house.gov/public_disc/ptr-pdfs/2026/9115813.pdf,high,scanned/image PDF or no embedded text; needs OCR/MinerU/AI fallback,0,0,0,,,
9115814,,,,9115814.pdf,2026,True,https://disclosures-clerk.house.gov/public_disc/ptr-pdfs/2026/9115814.pdf,high,scanned/image PDF or no embedded text; needs OCR/MinerU/AI fallback,0,0,0,,,
9115815,,,,9115815.pdf,2026,True,https://disclosures-clerk.house.gov/public_disc/ptr-pdfs/2026/9115815.pdf,high,scanned/image PDF or no embedded text; needs OCR/MinerU/AI fallback,0,0,0,,,
9115816,,,,9115816.pdf,2026,True,https://disclosures-clerk.house.gov/public_disc/ptr-pdfs/2026/9115816.pdf,high,scanned/image PDF or no embedded text; needs OCR/MinerU/AI fallback,0,0,0,,,
9115820,,,,9115820.pdf,2026,True,https://disclosures-clerk.house.gov/public_disc/ptr-pdfs/2026/9115820.pdf,high,scanned/image PDF or no embedded text; needs OCR/MinerU/AI fallback,0,0,0,,,
9115821,,,,9115821.pdf,2026,True,https://disclosures-clerk.house.gov/public_disc/ptr-pdfs/2026/9115821.pdf,high,scanned/image PDF or no embedded text; needs OCR/MinerU/AI fallback,0,0,0,,,
9115822,,,,9115822.pdf,2026,True,https://disclosures-clerk.house.gov/public_disc/ptr-pdfs/2026/9115822.pdf,high,scanned/image PDF or no embedded text; needs OCR/MinerU/AI fallback,0,0,0,,,
9115901,,,,9115901.pdf,2026,True,https://disclosures-clerk.house.gov/public_disc/ptr-pdfs/2026/9115901.pdf,high,scanned/image PDF or no embedded text; needs OCR/MinerU/AI fallback,0,0,0,,,
9116141,,,,9116141.pdf,2026,True,https://disclosures-clerk.house.gov/public_disc/ptr-pdfs/2026/9116141.pdf,high,scanned/image PDF or no embedded text; needs OCR/MinerU/AI fallback,0,0,0,,,
9116142,,,,9116142.pdf,2026,True,https://disclosures-clerk.house.gov/public_disc/ptr-pdfs/2026/9116142.pdf,high,scanned/image PDF or no embedded text; needs OCR/MinerU/AI fallback,0,0,0,,,
9116146,,,,9116146.pdf,2026,True,https://disclosures-clerk.house.gov/public_disc/ptr-pdfs/2026/9116146.pdf,high,scanned/image PDF or no embedded text; needs OCR/MinerU/AI fallback,0,0,0,,,
9116197,,,,9116197.pdf,2026,True,https://disclosures-clerk.house.gov/public_disc/ptr-pdfs/2026/9116197.pdf,high,scanned/image PDF or no embedded text; needs OCR/MinerU/AI fallback,0,0,0,,,
9116206,,,,9116206.pdf,2026,True,https://disclosures-clerk.house.gov/public_disc/ptr-pdfs/2026/9116206.pdf,high,scanned/image PDF or no embedded text; needs OCR/MinerU/AI fallback,0,0,0,,,
9116211,,,,9116211.pdf,2026,True,https://disclosures-clerk.house.gov/public_disc/ptr-pdfs/2026/9116211.pdf,high,scanned/image PDF or no embedded text; needs OCR/MinerU/AI fallback,0,0,0,,,
9116212,,,,9116212.pdf,2026,True,https://disclosures-clerk.house.gov/public_disc/ptr-pdfs/2026/9116212.pdf,high,scanned/image PDF or no embedded text; needs OCR/MinerU/AI fallback,0,0,0,,,
9116217,,,,9116217.pdf,2026,True,https://disclosures-clerk.house.gov/public_disc/ptr-pdfs/2026/9116217.pdf,high,scanned/image PDF or no embedded text; needs OCR/MinerU/AI fallback,0,0,0,,,
9116218,,,,9116218.pdf,2026,True,https://disclosures-clerk.house.gov/public_disc/ptr-pdfs/2026/9116218.pdf,high,scanned/image PDF or no embedded text; needs OCR/MinerU/AI fallback,0,0,0,,,
9116249,,,,9116249.pdf,2026,True,https://disclosures-clerk.house.gov/public_disc/ptr-pdfs/2026/9116249.pdf,high,scanned/image PDF or no embedded text; needs OCR/MinerU/AI fallback,0,0,0,,,
9116256,,,,9116256.pdf,2026,True,https://disclosures-clerk.house.gov/public_disc/ptr-pdfs/2026/9116256.pdf,high,scanned/image PDF or no embedded text; needs OCR/MinerU/AI fallback,0,0,0,,,
9116257,,,,9116257.pdf,2026,True,https://disclosures-clerk.house.gov/public_disc/ptr-pdfs/2026/9116257.pdf,high,scanned/image PDF or no embedded text; needs OCR/MinerU/AI fallback,0,0,0,,,
9116258,,,,9116258.pdf,2026,True,https://disclosures-clerk.house.gov/public_disc/ptr-pdfs/2026/9116258.pdf,high,scanned/image PDF or no embedded text; needs OCR/MinerU/AI fallback,0,0,0,,,
9116260,,,,9116260.pdf,2026,True,https://disclosures-clerk.house.gov/public_disc/ptr-pdfs/2026/9116260.pdf,high,scanned/image PDF or no embedded text; needs OCR/MinerU/AI fallback,0,0,0,,,
9116267,,,,9116267.pdf,2026,True,https://disclosures-clerk.house.gov/public_disc/ptr-pdfs/2026/9116267.pdf,high,scanned/image PDF or no embedded text; needs OCR/MinerU/AI fallback,0,0,0,,,
9116290,,,,9116290.pdf,2026,True,https://disclosures-clerk.house.gov/public_disc/ptr-pdfs/2026/9116290.pdf,high,scanned/image PDF or no embedded text; needs OCR/MinerU/AI fallback,0,0,0,,,
9116292,,,,9116292.pdf,2026,True,https://disclosures-clerk.house.gov/public_disc/ptr-pdfs/2026/9116292.pdf,high,scanned/image PDF or no embedded text; needs OCR/MinerU/AI fallback,0,0,0,,,
9116308,,,,9116308.pdf,2026,True,https://disclosures-clerk.house.gov/public_disc/ptr-pdfs/2026/9116308.pdf,high,scanned/image PDF or no embedded text; needs OCR/MinerU/AI fallback,0,0,0,,,
9116311,,,,9116311.pdf,2026,True,https://disclosures-clerk.house.gov/public_disc/ptr-pdfs/2026/9116311.pdf,high,scanned/image PDF or no embedded text; needs OCR/MinerU/AI fallback,0,0,0,,,
9116326,,,,9116326.pdf,2026,True,https://disclosures-clerk.house.gov/public_disc/ptr-pdfs/2026/9116326.pdf,high,scanned/image PDF or no embedded text; needs OCR/MinerU/AI fallback,0,0,0,,,
9116328,,,,9116328.pdf,2026,True,https://disclosures-clerk.house.gov/public_disc/ptr-pdfs/2026/9116328.pdf,high,scanned/image PDF or no embedded text; needs OCR/MinerU/AI fallback,0,0,0,,,
9116331,,,,9116331.pdf,2026,True,https://disclosures-clerk.house.gov/public_disc/ptr-pdfs/2026/9116331.pdf,high,scanned/image PDF or no embedded text; needs OCR/MinerU/AI fallback,0,0,0,,,
